-- phpMyAdmin SQL Dump
-- version 5.1.0
-- https://www.phpmyadmin.net/
--
-- Хост: 127.0.0.1
-- Время создания: Июл 05 2021 г., 15:09
-- Версия сервера: 10.4.19-MariaDB
-- Версия PHP: 8.0.6

SET SQL_MODE = "NO_AUTO_VALUE_ON_ZERO";
START TRANSACTION;
SET time_zone = "+00:00";


/*!40101 SET @OLD_CHARACTER_SET_CLIENT=@@CHARACTER_SET_CLIENT */;
/*!40101 SET @OLD_CHARACTER_SET_RESULTS=@@CHARACTER_SET_RESULTS */;
/*!40101 SET @OLD_COLLATION_CONNECTION=@@COLLATION_CONNECTION */;
/*!40101 SET NAMES utf8mb4 */;

--
-- База данных: `trendyhall`
--

-- --------------------------------------------------------

--
-- Структура таблицы `adddates`
--

CREATE TABLE `adddates` (
  `id` smallint(5) UNSIGNED NOT NULL,
  `date` date NOT NULL
) ENGINE=InnoDB DEFAULT CHARSET=utf8;

--
-- Дамп данных таблицы `adddates`
--

INSERT INTO `adddates` (`id`, `date`) VALUES
(1, '2021-06-16');

-- --------------------------------------------------------

--
-- Структура таблицы `brands`
--

CREATE TABLE `brands` (
  `id` tinyint(3) UNSIGNED NOT NULL,
  `name` varchar(50) NOT NULL,
  `description` text NOT NULL,
  `link` varchar(300) NOT NULL,
  `poster` varchar(300) NOT NULL,
  `logo` varchar(300) NOT NULL,
  `slug` varchar(30) NOT NULL
) ENGINE=InnoDB DEFAULT CHARSET=utf8;

--
-- Дамп данных таблицы `brands`
--

INSERT INTO `brands` (`id`, `name`, `description`, `link`, `poster`, `logo`, `slug`) VALUES
(1, 'Calvin Klein Jeans', 'Неизменно актуальная, но современная; классическая, но провокационная одежда. Добро пожаловать на официальный сайт CALVIN KLEIN®. Базовые предметы гардероба для создания ярких образов в любом стиле: от эффектных платьев женской коллекции до соблазнительных купальников и бикини, от футболок и курток мужской коллекции до ярких кроссовок и культовых джинс от CALVIN KLEIN JEANS. Познакомьтесь с коллекцией CALVIN KLEIN UNDERWEAR, в которой представлены лаконичные бралетты с монограммами и мужские боксеры с культовым логотипом на поясе-резинке. Откройте для себя уют и непринужденную роскошь одежды для сна и отдыха. Для ценителей стиля и комфорта во время тренировок, мы предлагаем современная и функциональная CALVIN KLEIN PERFORMANCE.', 'https://www.calvinklein.ru/', 'http://create4sale.com/images/brendi/c/calvin-klein-b.jpg', '/assets/img/brand/ck-logo.webp', 'calvin-klein-jeans'),
(2, 'Tommy Hilfiger', 'С момента запуска своего одноименного бренда в 1985 году Томми Хилфигер стал всемирно известным пионером классического американского стиля. Вдохновленный культовой поп-культурой и наследием Америки, дизайнер и его бренд движимы неизменно оптимистичным видением - нарушить условности и подчеркнуть индивидуальность. Сегодня, под руководством, видением и руководством Hilfiger в качестве главного дизайнера, TOMMY HILFIGER является одним из самых узнаваемых в мире брендов стиля жизни, который разделяет свой инклюзивный и молодой дух с потребителями во всем мире.', 'https://ru.tommy.com/', '', '/assets/img/brand/tommy-logo.webp', 'tommy-hilfiger');

-- --------------------------------------------------------

--
-- Структура таблицы `colours`
--

CREATE TABLE `colours` (
  `id` tinyint(3) UNSIGNED NOT NULL,
  `colourcode` varchar(3) NOT NULL,
  `engname` varchar(20) NOT NULL,
  `runame` varchar(20) NOT NULL
) ENGINE=InnoDB DEFAULT CHARSET=utf8;

--
-- Дамп данных таблицы `colours`
--

INSERT INTO `colours` (`id`, `colourcode`, `engname`, `runame`) VALUES
(1, 'BEH', 'black', 'Чёрный'),
(2, 'ZAA', 'yellow', 'Жёлтый'),
(3, '0IM', 'silver', 'Серебряный'),
(4, '0GM', 'black', 'Чёрный'),
(5, 'PZ2', 'gray', 'Серый'),
(6, 'TAB', 'pink', 'Розовый'),
(7, '0GJ', 'black', 'Чёрный'),
(8, 'PNR', 'gray', 'Серый'),
(9, 'YAF', 'white', 'Белый'),
(10, 'ZGT', 'yellow', 'Жёлтый'),
(11, 'C65', 'blue', 'Синий'),
(12, '0GN', 'black', 'Чёрный'),
(13, 'LFH', 'green', 'Зелёный'),
(14, 'TPH', 'pink', 'Розовый'),
(15, 'XND', 'red', 'Красный'),
(16, '1BK', 'black', 'Чёрный'),
(17, '1A4', 'blue', 'Синий'),
(18, '1BY', 'blue', 'Синий'),
(23, '0K4', 'white', 'Белый'),
(24, '0GY', '', ''),
(25, 'YBR', '', ''),
(26, 'C87', '', ''),
(27, 'XNL', '', ''),
(28, 'P6U', '', ''),
(29, '1BJ', '', ''),
(30, '1A6', '', ''),
(31, 'C4X', '', ''),
(32, 'L57', '', ''),
(33, 'ZIO', '', ''),
(34, 'PE6', '', ''),
(35, 'L3V', '', ''),
(36, '1A5', '', '');

-- --------------------------------------------------------

--
-- Структура таблицы `countries`
--

CREATE TABLE `countries` (
  `id` smallint(5) UNSIGNED NOT NULL,
  `name` varchar(50) NOT NULL
) ENGINE=InnoDB DEFAULT CHARSET=utf8;

--
-- Дамп данных таблицы `countries`
--

INSERT INTO `countries` (`id`, `name`) VALUES
(1, 'КИТАЙ'),
(2, 'ИНДИЯ'),
(3, 'ТУРЦИЯ'),
(4, 'ПОРТУГАЛИЯ'),
(5, 'БАНГЛАДЕШ'),
(6, 'ШРИ-ЛАНКА'),
(7, 'ТУНИС'),
(8, 'МАВРИКИЙ'),
(9, 'ТАЙВАНЬ (КИТАЙ)'),
(10, 'неизвестно');

-- --------------------------------------------------------

--
-- Структура таблицы `descriptions`
--

CREATE TABLE `descriptions` (
  `id` smallint(5) UNSIGNED NOT NULL,
  `description` text NOT NULL
) ENGINE=InnoDB DEFAULT CHARSET=utf8;

--
-- Дамп данных таблицы `descriptions`
--

INSERT INTO `descriptions` (`id`, `description`) VALUES
(1, '\r');

-- --------------------------------------------------------

--
-- Структура таблицы `goods`
--

CREATE TABLE `goods` (
  `id` mediumint(8) UNSIGNED NOT NULL,
  `articule` varchar(20) NOT NULL,
  `modelcode` varchar(10) NOT NULL,
  `colour` tinyint(3) UNSIGNED NOT NULL,
  `size` tinyint(3) UNSIGNED NOT NULL,
  `firstsize` mediumint(8) UNSIGNED NOT NULL,
  `gender` tinyint(2) UNSIGNED NOT NULL COMMENT 'пол 1 - мужской, 2 - женский, 3 - унисекс',
  `brand` tinyint(3) UNSIGNED NOT NULL,
  `itemgroup` tinyint(3) UNSIGNED NOT NULL,
  `name` varchar(100) NOT NULL,
  `consist` varchar(200) NOT NULL,
  `provider` tinyint(3) UNSIGNED NOT NULL,
  `manufacturer` tinyint(3) UNSIGNED NOT NULL,
  `contry` tinyint(3) UNSIGNED NOT NULL,
  `imagecount` tinyint(3) UNSIGNED NOT NULL,
  `price` decimal(8,2) UNSIGNED NOT NULL,
  `sale` smallint(5) UNSIGNED NOT NULL,
  `count` tinyint(3) UNSIGNED NOT NULL,
  `adddate` smallint(5) UNSIGNED NOT NULL,
  `season` tinyint(3) UNSIGNED NOT NULL,
  `description` smallint(5) UNSIGNED NOT NULL
) ENGINE=InnoDB DEFAULT CHARSET=utf8;

--
-- Дамп данных таблицы `goods`
--

INSERT INTO `goods` (`id`, `articule`, `modelcode`, `colour`, `size`, `firstsize`, `gender`, `brand`, `itemgroup`, `name`, `consist`, `provider`, `manufacturer`, `contry`, `imagecount`, `price`, `sale`, `count`, `adddate`, `season`, `description`) VALUES
(1, 'IU0IU00137*BEH*OS', 'IU0IU00137', 1, 1, 0, 3, 1, 1, 'Рюкзак', '100% полиэстер', 1, 1, 1, 6, '8909.00', 2, 1, 1, 2, 1),
(2, 'IU0IU00137*ZAA*OS', 'IU0IU00137', 2, 1, 0, 3, 1, 1, 'Рюкзак', '100% полиэстер', 1, 1, 1, 6, '8909.00', 2, 2, 1, 2, 1),
(3, 'IU0IU00140*0IM*OS', 'IU0IU00140', 3, 1, 0, 3, 1, 1, 'Сумка кроссовер', '100% полиэстер', 1, 1, 1, 6, '5091.00', 2, 2, 1, 2, 1),
(4, 'IU0IU00140*BEH*OS', 'IU0IU00140', 1, 1, 0, 3, 1, 1, 'Сумка кроссовер', '100% полиэстер', 1, 1, 1, 6, '5091.00', 2, 2, 1, 2, 1),
(5, 'IB0IB00517*0GM*8', 'IB0IB00517', 4, 2, 0, 1, 1, 2, 'Брюки спортивные', '100% Органический хлопок', 1, 1, 2, 5, '8909.00', 2, 1, 1, 2, 1),
(6, 'IB0IB00517*0GM*10', 'IB0IB00517', 4, 3, 5, 1, 1, 2, 'Брюки спортивные', '100% Органический хлопок', 1, 1, 2, 0, '8909.00', 2, 1, 1, 2, 1),
(7, 'IB0IB00517*0GM*12', 'IB0IB00517', 4, 4, 5, 1, 1, 2, 'Брюки спортивные', '100% Органический хлопок', 1, 1, 2, 0, '8909.00', 2, 1, 1, 2, 1),
(8, 'IB0IB00517*0GM*14', 'IB0IB00517', 4, 5, 5, 1, 1, 2, 'Брюки спортивные', '100% Органический хлопок', 1, 1, 2, 0, '8909.00', 2, 1, 1, 2, 1),
(9, 'IB0IB00517*0GM*16', 'IB0IB00517', 4, 6, 5, 1, 1, 2, 'Брюки спортивные', '100% Органический хлопок', 1, 1, 2, 0, '8909.00', 2, 1, 1, 2, 1),
(10, 'IB0IB00578*BEH*8', 'IB0IB00578', 1, 2, 0, 1, 1, 2, 'Брюки спортивные', '100% Органический хлопок', 1, 1, 3, 5, '8909.00', 2, 1, 1, 2, 1),
(11, 'IB0IB00578*BEH*10', 'IB0IB00578', 1, 3, 10, 1, 1, 2, 'Брюки спортивные', '100% Органический хлопок', 1, 1, 3, 0, '8909.00', 2, 1, 1, 2, 1),
(12, 'IB0IB00578*BEH*12', 'IB0IB00578', 1, 4, 10, 1, 1, 2, 'Брюки спортивные', '100% Органический хлопок', 1, 1, 3, 0, '8909.00', 2, 1, 1, 2, 1),
(13, 'IB0IB00578*BEH*14', 'IB0IB00578', 1, 5, 10, 1, 1, 2, 'Брюки спортивные', '100% Органический хлопок', 1, 1, 3, 0, '8909.00', 2, 1, 1, 2, 1),
(14, 'IB0IB00578*BEH*16', 'IB0IB00578', 1, 6, 10, 1, 1, 2, 'Брюки спортивные', '100% Органический хлопок', 1, 1, 3, 0, '8909.00', 2, 1, 1, 2, 1),
(15, 'IB0IB00519*BEH*8', 'IB0IB00519', 1, 2, 0, 1, 1, 2, 'Брюки спортивные', '50% Хлопок, 50% Полиэстер', 1, 1, 3, 0, '8273.00', 2, 1, 1, 2, 1),
(16, 'IB0IB00519*BEH*10', 'IB0IB00519', 1, 3, 15, 1, 1, 2, 'Брюки спортивные', '50% Хлопок, 50% Полиэстер', 1, 1, 3, 0, '8273.00', 2, 1, 1, 2, 1),
(17, 'IB0IB00519*BEH*12', 'IB0IB00519', 1, 4, 15, 1, 1, 2, 'Брюки спортивные', '50% Хлопок, 50% Полиэстер', 1, 1, 3, 0, '8273.00', 2, 1, 1, 2, 1),
(18, 'IB0IB00519*BEH*14', 'IB0IB00519', 1, 5, 15, 1, 1, 2, 'Брюки спортивные', '50% Хлопок, 50% Полиэстер', 1, 1, 3, 0, '8273.00', 2, 1, 1, 2, 1),
(19, 'IB0IB00519*BEH*16', 'IB0IB00519', 1, 6, 15, 1, 1, 2, 'Брюки спортивные', '50% Хлопок, 50% Полиэстер', 1, 1, 3, 0, '8273.00', 2, 1, 1, 2, 1),
(20, 'IB0IB00519*PZ2*8', 'IB0IB00519', 5, 2, 0, 1, 1, 2, 'Брюки спортивные', '50% Хлопок, 50% Полиэстер', 1, 1, 3, 0, '8273.00', 2, 1, 1, 2, 1),
(21, 'IB0IB00519*PZ2*10', 'IB0IB00519', 5, 3, 20, 1, 1, 2, 'Брюки спортивные', '50% Хлопок, 50% Полиэстер', 1, 1, 3, 0, '8273.00', 2, 1, 1, 2, 1),
(22, 'IB0IB00519*PZ2*12', 'IB0IB00519', 5, 4, 20, 1, 1, 2, 'Брюки спортивные', '50% Хлопок, 50% Полиэстер', 1, 1, 3, 0, '8273.00', 2, 1, 1, 2, 1),
(23, 'IB0IB00519*PZ2*14', 'IB0IB00519', 5, 5, 20, 1, 1, 2, 'Брюки спортивные', '50% Хлопок, 50% Полиэстер', 1, 1, 3, 0, '8273.00', 2, 1, 1, 2, 1),
(24, 'IB0IB00519*PZ2*16', 'IB0IB00519', 5, 6, 20, 1, 1, 2, 'Брюки спортивные', '50% Хлопок, 50% Полиэстер', 1, 1, 3, 0, '8273.00', 2, 1, 1, 2, 1),
(25, 'IG0IG00605*BEH*8', 'IG0IG00605', 1, 2, 0, 2, 1, 2, 'Платье', '73% хлопок, 27% полиэстер', 1, 1, 1, 4, '9546.00', 2, 1, 1, 2, 1),
(26, 'IG0IG00605*BEH*10', 'IG0IG00605', 1, 3, 25, 2, 1, 2, 'Платье', '73% хлопок, 27% полиэстер', 1, 1, 1, 0, '9546.00', 2, 1, 1, 2, 1),
(27, 'IG0IG00605*BEH*12', 'IG0IG00605', 1, 4, 25, 2, 1, 2, 'Платье', '73% хлопок, 27% полиэстер', 1, 1, 1, 0, '9546.00', 2, 1, 1, 2, 1),
(28, 'IG0IG00605*BEH*14', 'IG0IG00605', 1, 5, 25, 2, 1, 2, 'Платье', '73% хлопок, 27% полиэстер', 1, 1, 1, 0, '9546.00', 2, 1, 1, 2, 1),
(29, 'IG0IG00605*BEH*16', 'IG0IG00605', 1, 6, 25, 2, 1, 2, 'Платье', '73% хлопок, 27% полиэстер', 1, 1, 1, 0, '9546.00', 2, 1, 1, 2, 1),
(30, 'IG0IG00605*PZ2*8', 'IG0IG00605', 5, 2, 0, 2, 1, 2, 'Платье', '73% хлопок, 27% полиэстер', 1, 1, 1, 0, '9546.00', 2, 1, 1, 2, 1),
(31, 'IG0IG00605*PZ2*10', 'IG0IG00605', 5, 3, 30, 2, 1, 2, 'Платье', '73% хлопок, 27% полиэстер', 1, 1, 1, 0, '9546.00', 2, 1, 1, 2, 1),
(32, 'IG0IG00605*PZ2*12', 'IG0IG00605', 5, 4, 30, 2, 1, 2, 'Платье', '73% хлопок, 27% полиэстер', 1, 1, 1, 0, '9546.00', 2, 1, 1, 2, 1),
(33, 'IG0IG00605*PZ2*14', 'IG0IG00605', 5, 5, 30, 2, 1, 2, 'Платье', '73% хлопок, 27% полиэстер', 1, 1, 1, 0, '9546.00', 2, 1, 1, 2, 1),
(34, 'IG0IG00605*PZ2*16', 'IG0IG00605', 5, 6, 30, 2, 1, 2, 'Платье', '73% хлопок, 27% полиэстер', 1, 1, 1, 0, '9546.00', 2, 1, 1, 2, 1),
(35, 'IG0IG00600*TAB*10', 'IG0IG00600', 6, 3, 0, 2, 1, 2, 'Платье', '100% Органический хлопок', 1, 1, 4, 5, '10000.00', 2, 1, 1, 2, 1),
(36, 'IG0IG00600*TAB*12', 'IG0IG00600', 6, 4, 35, 2, 1, 2, 'Платье', '100% Органический хлопок', 1, 1, 4, 0, '10000.00', 2, 1, 1, 2, 1),
(37, 'IG0IG00600*TAB*14', 'IG0IG00600', 6, 5, 35, 2, 1, 2, 'Платье', '100% Органический хлопок', 1, 1, 4, 0, '10000.00', 2, 1, 1, 2, 1),
(38, 'IG0IG00600*TAB*16', 'IG0IG00600', 6, 6, 35, 2, 1, 2, 'Платье', '100% Органический хлопок', 1, 1, 4, 0, '10000.00', 2, 1, 1, 2, 1),
(39, 'IG0IG00599*BEH*14', 'IG0IG00599', 1, 5, 41, 2, 1, 2, 'Платье', '66% Вискоза, 29% Полиамид, 5% Эластан', 1, 1, 1, 0, '8909.00', 2, 1, 1, 2, 1),
(40, 'IG0IG00599*BEH*16', 'IG0IG00599', 1, 6, 41, 2, 1, 2, 'Платье', '66% Вискоза, 29% Полиамид, 5% Эластан', 1, 1, 1, 0, '8909.00', 2, 1, 1, 2, 1),
(41, 'IG0IG00599*BEH*8', 'IG0IG00599', 1, 2, 0, 2, 1, 2, 'Платье', '66% Вискоза, 29% Полиамид, 5% Эластан', 1, 1, 1, 0, '8909.00', 2, 1, 1, 2, 1),
(42, 'IG0IG00599*BEH*10', 'IG0IG00599', 1, 3, 41, 2, 1, 2, 'Платье', '66% Вискоза, 29% Полиамид, 5% Эластан', 1, 1, 1, 0, '8909.00', 2, 1, 1, 2, 1),
(43, 'IG0IG00599*BEH*12', 'IG0IG00599', 1, 4, 41, 2, 1, 2, 'Платье', '66% Вискоза, 29% Полиамид, 5% Эластан', 1, 1, 1, 0, '8909.00', 2, 1, 1, 2, 1),
(44, 'IG0IG00559*BEH*8', 'IG0IG00559', 1, 2, 0, 2, 1, 2, 'Леггинсы', '94% Органический хлопок, 6% Эластан', 1, 1, 5, 5, '3818.00', 2, 1, 1, 2, 1),
(45, 'IG0IG00559*BEH*10', 'IG0IG00559', 1, 3, 44, 2, 1, 2, 'Леггинсы', '94% Органический хлопок, 6% Эластан', 1, 1, 5, 0, '3818.00', 2, 1, 1, 2, 1),
(46, 'IG0IG00559*PZ2*8', 'IG0IG00559', 5, 2, 0, 2, 1, 2, 'Леггинсы', '94% Органический хлопок, 6% Эластан', 1, 1, 5, 0, '3818.00', 2, 1, 1, 2, 1),
(47, 'IG0IG00559*PZ2*10', 'IG0IG00559', 5, 3, 46, 2, 1, 2, 'Леггинсы', '94% Органический хлопок, 6% Эластан', 1, 1, 5, 0, '3818.00', 2, 1, 1, 2, 1),
(48, 'IG0IG00559*PZ2*12', 'IG0IG00559', 5, 4, 46, 2, 1, 2, 'Леггинсы', '94% Органический хлопок, 6% Эластан', 1, 1, 5, 0, '3818.00', 2, 1, 1, 2, 1),
(49, 'IG0IG00559*PZ2*14', 'IG0IG00559', 5, 5, 46, 2, 1, 2, 'Леггинсы', '94% Органический хлопок, 6% Эластан', 1, 1, 5, 0, '3818.00', 2, 1, 1, 2, 1),
(50, 'IG0IG00559*PZ2*16', 'IG0IG00559', 5, 6, 46, 2, 1, 2, 'Леггинсы', '94% Органический хлопок, 6% Эластан', 1, 1, 5, 0, '3818.00', 2, 1, 1, 2, 1),
(51, 'IG0IG00559*BEH*12', 'IG0IG00559', 1, 4, 44, 2, 1, 2, 'Леггинсы', '94% Органический хлопок, 6% Эластан', 1, 1, 5, 0, '3818.00', 2, 1, 1, 2, 1),
(52, 'IG0IG00559*BEH*14', 'IG0IG00559', 1, 5, 44, 2, 1, 2, 'Леггинсы', '94% Органический хлопок, 6% Эластан', 1, 1, 5, 0, '3818.00', 2, 1, 1, 2, 1),
(53, 'IG0IG00559*BEH*16', 'IG0IG00559', 1, 6, 44, 2, 1, 2, 'Леггинсы', '94% Органический хлопок, 6% Эластан', 1, 1, 5, 0, '3818.00', 2, 1, 1, 2, 1),
(54, 'IG0IG00630*0GJ*8', 'IG0IG00630', 7, 2, 0, 2, 1, 2, 'Брюки спортивные', '50% Хлопок, 50% Полиэстер', 1, 1, 3, 4, '8909.00', 2, 1, 1, 2, 1),
(55, 'IG0IG00630*0GJ*10', 'IG0IG00630', 7, 3, 54, 2, 1, 2, 'Брюки спортивные', '50% Хлопок, 50% Полиэстер', 1, 1, 3, 0, '8909.00', 2, 1, 1, 2, 1),
(56, 'IG0IG00630*0GJ*12', 'IG0IG00630', 7, 4, 54, 2, 1, 2, 'Брюки спортивные', '50% Хлопок, 50% Полиэстер', 1, 1, 3, 0, '8909.00', 2, 1, 1, 2, 1),
(57, 'IG0IG00630*0GJ*14', 'IG0IG00630', 7, 5, 54, 2, 1, 2, 'Брюки спортивные', '50% Хлопок, 50% Полиэстер', 1, 1, 3, 0, '8909.00', 2, 1, 1, 2, 1),
(58, 'IG0IG00630*0GJ*16', 'IG0IG00630', 7, 6, 54, 2, 1, 2, 'Брюки спортивные', '50% Хлопок, 50% Полиэстер', 1, 1, 3, 0, '8909.00', 2, 1, 1, 2, 1),
(59, 'IB0IB00535*BEH*10', 'IB0IB00535', 1, 3, 63, 1, 1, 2, 'Поло', '100% Органический хлопок', 1, 1, 3, 0, '7637.00', 2, 1, 1, 2, 1),
(60, 'IB0IB00535*BEH*12', 'IB0IB00535', 1, 4, 63, 1, 1, 2, 'Поло', '100% Органический хлопок', 1, 1, 3, 0, '7637.00', 2, 1, 1, 2, 1),
(61, 'IB0IB00535*BEH*14', 'IB0IB00535', 1, 5, 63, 1, 1, 2, 'Поло', '100% Органический хлопок', 1, 1, 3, 0, '7637.00', 2, 1, 1, 2, 1),
(62, 'IB0IB00535*BEH*16', 'IB0IB00535', 1, 6, 63, 1, 1, 2, 'Поло', '100% Органический хлопок', 1, 1, 3, 0, '7637.00', 2, 1, 1, 2, 1),
(63, 'IB0IB00535*BEH*8', 'IB0IB00535', 1, 2, 0, 1, 1, 2, 'Поло', '100% Органический хлопок', 1, 1, 3, 5, '7637.00', 2, 1, 1, 2, 1),
(64, 'IB0IB00347*PNR*8', 'IB0IB00347', 8, 2, 0, 1, 1, 2, 'Футболка с коротким рукавом', '100% Органический хлопок', 1, 1, 6, 5, '3182.00', 2, 1, 1, 2, 1),
(65, 'IB0IB00347*PNR*12', 'IB0IB00347', 8, 4, 64, 1, 1, 2, 'Футболка с коротким рукавом', '100% Органический хлопок', 1, 1, 6, 0, '3182.00', 2, 1, 1, 2, 1),
(66, 'IB0IB00347*PNR*10', 'IB0IB00347', 8, 3, 64, 1, 1, 2, 'Футболка с коротким рукавом', '100% Органический хлопок', 1, 1, 6, 0, '3182.00', 2, 1, 1, 2, 1),
(67, 'IB0IB00521*BEH*10', 'IB0IB00521', 1, 3, 75, 1, 1, 2, 'Футболка с коротким рукавом', '100% Органический хлопок', 1, 1, 6, 0, '3818.00', 2, 1, 1, 2, 1),
(68, 'IB0IB00521*BEH*12', 'IB0IB00521', 1, 4, 75, 1, 1, 2, 'Футболка с коротким рукавом', '100% Органический хлопок', 1, 1, 6, 0, '3818.00', 2, 1, 1, 2, 1),
(69, 'IB0IB00521*BEH*14', 'IB0IB00521', 1, 5, 75, 1, 1, 2, 'Футболка с коротким рукавом', '100% Органический хлопок', 1, 1, 6, 0, '3818.00', 2, 1, 1, 2, 1),
(70, 'IB0IB00521*BEH*16', 'IB0IB00521', 1, 6, 75, 1, 1, 2, 'Футболка с коротким рукавом', '100% Органический хлопок', 1, 1, 6, 0, '3818.00', 2, 1, 1, 2, 1),
(71, 'IB0IB00456*YAF*12', 'IB0IB00456', 9, 4, 86, 1, 1, 2, 'Футболка с коротким рукавом', '100% Органический хлопок', 1, 1, 6, 0, '3182.00', 2, 1, 1, 2, 1),
(72, 'IB0IB00456*YAF*10', 'IB0IB00456', 9, 3, 86, 1, 1, 2, 'Футболка с коротким рукавом', '100% Органический хлопок', 1, 1, 6, 0, '3182.00', 2, 1, 1, 2, 1),
(73, 'IB0IB00456*YAF*16', 'IB0IB00456', 9, 6, 86, 1, 1, 2, 'Футболка с коротким рукавом', '100% Органический хлопок', 1, 1, 6, 0, '3182.00', 2, 1, 1, 2, 1),
(74, 'IB0IB00456*YAF*14', 'IB0IB00456', 9, 5, 86, 1, 1, 2, 'Футболка с коротким рукавом', '100% Органический хлопок', 1, 1, 6, 0, '3182.00', 2, 1, 1, 2, 1),
(75, 'IB0IB00521*BEH*8', 'IB0IB00521', 1, 2, 0, 1, 1, 2, 'Футболка с коротким рукавом', '100% Органический хлопок', 1, 1, 6, 5, '3818.00', 2, 1, 1, 2, 1),
(76, 'IB0IB00528*YAF*16', 'IB0IB00528', 9, 6, 91, 1, 1, 2, 'Футболка с длинным рукавом', '100% Органический хлопок', 1, 1, 5, 0, '4455.00', 2, 1, 1, 2, 1),
(77, 'IB0IB00528*YAF*14', 'IB0IB00528', 9, 5, 91, 1, 1, 2, 'Футболка с длинным рукавом', '100% Органический хлопок', 1, 1, 5, 0, '4455.00', 2, 1, 1, 2, 1),
(78, 'IB0IB00528*YAF*12', 'IB0IB00528', 9, 4, 91, 1, 1, 2, 'Футболка с длинным рукавом', '100% Органический хлопок', 1, 1, 5, 0, '4455.00', 2, 1, 1, 2, 1),
(79, 'IG0IG00564*YAF*10', 'IG0IG00564', 9, 3, 95, 2, 1, 2, 'Футболка с коротким рукавом', '100% Органический хлопок', 1, 1, 5, 0, '5091.00', 2, 1, 1, 2, 1),
(80, 'IG0IG00564*YAF*12', 'IG0IG00564', 9, 4, 95, 2, 1, 2, 'Футболка с коротким рукавом', '100% Органический хлопок', 1, 1, 5, 0, '5091.00', 2, 1, 1, 2, 1),
(81, 'IG0IG00564*YAF*14', 'IG0IG00564', 9, 5, 95, 2, 1, 2, 'Футболка с коротким рукавом', '100% Органический хлопок', 1, 1, 5, 0, '5091.00', 2, 1, 1, 2, 1),
(82, 'IG0IG00564*YAF*16', 'IG0IG00564', 9, 6, 95, 2, 1, 2, 'Футболка с коротким рукавом', '100% Органический хлопок', 1, 1, 5, 0, '5091.00', 2, 1, 1, 2, 1),
(83, 'IB0IB00528*YAF*10', 'IB0IB00528', 9, 3, 91, 1, 1, 2, 'Футболка с длинным рукавом', '100% Органический хлопок', 1, 1, 5, 0, '4455.00', 2, 1, 1, 2, 1),
(84, 'IB0IB00347*PNR*14', 'IB0IB00347', 8, 5, 64, 1, 1, 2, 'Футболка с коротким рукавом', '100% Органический хлопок', 1, 1, 6, 0, '3182.00', 2, 1, 1, 2, 1),
(85, 'IB0IB00347*PNR*16', 'IB0IB00347', 8, 6, 64, 1, 1, 2, 'Футболка с коротким рукавом', '100% Органический хлопок', 1, 1, 6, 0, '3182.00', 2, 1, 1, 2, 1),
(86, 'IB0IB00456*YAF*8', 'IB0IB00456', 9, 2, 0, 1, 1, 2, 'Футболка с коротким рукавом', '100% Органический хлопок', 1, 1, 6, 5, '3182.00', 2, 1, 1, 2, 1),
(87, 'IB0IB00457*ZGT*8', 'IB0IB00457', 10, 2, 0, 1, 1, 2, 'Футболка с коротким рукавом', '100% Органический хлопок', 1, 1, 5, 0, '3182.00', 2, 1, 1, 2, 1),
(88, 'IB0IB00457*ZGT*12', 'IB0IB00457', 10, 4, 87, 1, 1, 2, 'Футболка с коротким рукавом', '100% Органический хлопок', 1, 1, 5, 0, '3182.00', 2, 1, 1, 2, 1),
(89, 'IB0IB00457*ZGT*14', 'IB0IB00457', 10, 5, 87, 1, 1, 2, 'Футболка с коротким рукавом', '100% Органический хлопок', 1, 1, 5, 0, '3182.00', 2, 1, 1, 2, 1),
(90, 'IB0IB00457*ZGT*16', 'IB0IB00457', 10, 6, 87, 1, 1, 2, 'Футболка с коротким рукавом', '100% Органический хлопок', 1, 1, 5, 0, '3182.00', 2, 1, 1, 2, 1),
(91, 'IB0IB00528*YAF*8', 'IB0IB00528', 9, 2, 0, 1, 1, 2, 'Футболка с длинным рукавом', '100% Органический хлопок', 1, 1, 5, 6, '4455.00', 2, 1, 1, 2, 1),
(92, 'IG0IG00560*0GJ*10', 'IG0IG00560', 7, 3, 96, 2, 1, 2, 'Футболка с длинным рукавом', '94% Органический хлопок, 6% Эластан', 1, 1, 5, 0, '5091.00', 2, 1, 1, 2, 1),
(93, 'IG0IG00560*0GJ*12', 'IG0IG00560', 7, 4, 96, 2, 1, 2, 'Футболка с длинным рукавом', '94% Органический хлопок, 6% Эластан', 1, 1, 5, 0, '5091.00', 2, 1, 1, 2, 1),
(94, 'IB0IB00457*ZGT*10', 'IB0IB00457', 10, 3, 87, 1, 1, 2, 'Футболка с коротким рукавом', '100% Органический хлопок', 1, 1, 5, 0, '3182.00', 2, 1, 1, 2, 1),
(95, 'IG0IG00564*YAF*8', 'IG0IG00564', 9, 2, 0, 2, 1, 2, 'Футболка с коротким рукавом', '100% Органический хлопок', 1, 1, 5, 0, '5091.00', 2, 1, 1, 2, 1),
(96, 'IG0IG00560*0GJ*8', 'IG0IG00560', 7, 2, 0, 2, 1, 2, 'Футболка с длинным рукавом', '94% Органический хлопок, 6% Эластан', 1, 1, 5, 5, '5091.00', 2, 1, 1, 2, 1),
(97, 'IG0IG00560*0GJ*14', 'IG0IG00560', 7, 5, 96, 2, 1, 2, 'Футболка с длинным рукавом', '94% Органический хлопок, 6% Эластан', 1, 1, 5, 0, '5091.00', 2, 1, 1, 2, 1),
(98, 'IG0IG00560*0GJ*16', 'IG0IG00560', 7, 6, 96, 2, 1, 2, 'Футболка с длинным рукавом', '94% Органический хлопок, 6% Эластан', 1, 1, 5, 0, '5091.00', 2, 1, 1, 2, 1),
(99, 'IB0IB00456*C65*8', 'IB0IB00456', 11, 2, 0, 1, 1, 2, 'Футболка с коротким рукавом', '100% Органический хлопок', 1, 1, 6, 0, '3182.00', 2, 1, 1, 2, 1),
(100, 'IB0IB00456*C65*12', 'IB0IB00456', 11, 4, 99, 1, 1, 2, 'Футболка с коротким рукавом', '100% Органический хлопок', 1, 1, 6, 0, '3182.00', 2, 1, 1, 2, 1),
(101, 'IB0IB00456*C65*14', 'IB0IB00456', 11, 5, 99, 1, 1, 2, 'Футболка с коротким рукавом', '100% Органический хлопок', 1, 1, 6, 0, '3182.00', 2, 1, 1, 2, 1),
(102, 'IB0IB00456*C65*16', 'IB0IB00456', 11, 6, 99, 1, 1, 2, 'Футболка с коротким рукавом', '100% Органический хлопок', 1, 1, 6, 0, '3182.00', 2, 1, 1, 2, 1),
(103, 'IG0IG00615*BEH*14', 'IG0IG00615', 1, 5, 111, 2, 1, 2, 'Футболка с коротким рукавом', '100% Органический хлопок', 1, 1, 6, 0, '3182.00', 2, 1, 1, 2, 1),
(104, 'IG0IG00615*BEH*16', 'IG0IG00615', 1, 6, 111, 2, 1, 2, 'Футболка с коротким рукавом', '100% Органический хлопок', 1, 1, 6, 0, '3182.00', 2, 1, 1, 2, 1),
(105, 'IB0IB00456*C65*10', 'IB0IB00456', 11, 3, 99, 1, 1, 2, 'Футболка с коротким рукавом', '100% Органический хлопок', 1, 1, 6, 0, '3182.00', 2, 1, 1, 2, 1),
(106, 'IG0IG00562*YAF*8', 'IG0IG00562', 9, 2, 0, 2, 1, 2, 'Футболка с длинным рукавом', '100% Органический хлопок', 1, 1, 6, 5, '5091.00', 2, 1, 1, 2, 1),
(107, 'IG0IG00562*YAF*10', 'IG0IG00562', 9, 3, 106, 2, 1, 2, 'Футболка с длинным рукавом', '100% Органический хлопок', 1, 1, 6, 0, '5091.00', 2, 1, 1, 2, 1),
(108, 'IG0IG00562*YAF*12', 'IG0IG00562', 9, 4, 106, 2, 1, 2, 'Футболка с длинным рукавом', '100% Органический хлопок', 1, 1, 6, 0, '5091.00', 2, 1, 1, 2, 1),
(109, 'IG0IG00562*YAF*14', 'IG0IG00562', 9, 5, 106, 2, 1, 2, 'Футболка с длинным рукавом', '100% Органический хлопок', 1, 1, 6, 0, '5091.00', 2, 1, 1, 2, 1),
(110, 'IG0IG00562*YAF*16', 'IG0IG00562', 9, 6, 106, 2, 1, 2, 'Футболка с длинным рукавом', '100% Органический хлопок', 1, 1, 6, 0, '5091.00', 2, 1, 1, 2, 1),
(111, 'IG0IG00615*BEH*8', 'IG0IG00615', 1, 2, 0, 2, 1, 2, 'Футболка с коротким рукавом', '100% Органический хлопок', 1, 1, 6, 5, '3182.00', 2, 1, 1, 2, 1),
(112, 'IG0IG00615*BEH*10', 'IG0IG00615', 1, 3, 111, 2, 1, 2, 'Футболка с коротким рукавом', '100% Органический хлопок', 1, 1, 6, 0, '3182.00', 2, 1, 1, 2, 1),
(113, 'IG0IG00615*BEH*12', 'IG0IG00615', 1, 4, 111, 2, 1, 2, 'Футболка с коротким рукавом', '100% Органический хлопок', 1, 1, 6, 0, '3182.00', 2, 1, 1, 2, 1),
(114, 'IB0IB00537*0GM*10', 'IB0IB00537', 4, 3, 128, 1, 1, 2, 'Свитер', '100% Органический хлопок', 1, 1, 1, 0, '9546.00', 2, 1, 1, 2, 1),
(115, 'IB0IB00537*0GM*12', 'IB0IB00537', 4, 4, 128, 1, 1, 2, 'Свитер', '100% Органический хлопок', 1, 1, 1, 0, '9546.00', 2, 1, 1, 2, 1),
(116, 'IB0IB00537*0GM*14', 'IB0IB00537', 4, 5, 128, 1, 1, 2, 'Свитер', '100% Органический хлопок', 1, 1, 1, 0, '9546.00', 2, 1, 1, 2, 1),
(117, 'IB0IB00537*0GM*16', 'IB0IB00537', 4, 6, 128, 1, 1, 2, 'Свитер', '100% Органический хлопок', 1, 1, 1, 0, '9546.00', 2, 1, 1, 2, 1),
(118, 'IB0IB00539*PZ2*12', 'IB0IB00539', 5, 4, 136, 1, 1, 2, 'Свитер', '100% Органический хлопок', 1, 1, 1, 0, '8909.00', 2, 1, 1, 2, 1),
(119, 'IB0IB00539*PZ2*14', 'IB0IB00539', 5, 5, 136, 1, 1, 2, 'Свитер', '100% Органический хлопок', 1, 1, 1, 0, '8909.00', 2, 1, 1, 2, 1),
(120, 'IB0IB00539*PZ2*16', 'IB0IB00539', 5, 6, 136, 1, 1, 2, 'Свитер', '100% Органический хлопок', 1, 1, 1, 0, '8909.00', 2, 1, 1, 2, 1),
(121, 'IB0IB00548*0GN*10', 'IB0IB00548', 12, 3, 129, 1, 1, 2, 'Толстовка-свитшот', '100% Органический хлопок', 1, 1, 4, 0, '8909.00', 2, 1, 1, 2, 1),
(122, 'IB0IB00548*0GN*12', 'IB0IB00548', 12, 4, 129, 1, 1, 2, 'Толстовка-свитшот', '100% Органический хлопок', 1, 1, 4, 0, '8909.00', 2, 1, 1, 2, 1),
(123, 'IB0IB00548*0GN*14', 'IB0IB00548', 12, 5, 129, 1, 1, 2, 'Толстовка-свитшот', '100% Органический хлопок', 1, 1, 4, 0, '8909.00', 2, 1, 1, 2, 1),
(124, 'IB0IB00548*0GN*16', 'IB0IB00548', 12, 6, 129, 1, 1, 2, 'Толстовка-свитшот', '100% Органический хлопок', 1, 1, 4, 0, '8909.00', 2, 1, 1, 2, 1),
(125, 'IB0IB00566*LFH*12', 'IB0IB00566', 13, 4, 138, 1, 1, 2, 'Толстовка-свитшот', '100% Органический хлопок', 1, 1, 3, 0, '9546.00', 2, 1, 1, 2, 1),
(126, 'IB0IB00566*LFH*14', 'IB0IB00566', 13, 5, 138, 1, 1, 2, 'Толстовка-свитшот', '100% Органический хлопок', 1, 1, 3, 0, '9546.00', 2, 1, 1, 2, 1),
(127, 'IB0IB00566*LFH*16', 'IB0IB00566', 13, 6, 138, 1, 1, 2, 'Толстовка-свитшот', '100% Органический хлопок', 1, 1, 3, 0, '9546.00', 2, 1, 1, 2, 1),
(128, 'IB0IB00537*0GM*8', 'IB0IB00537', 4, 2, 0, 1, 1, 2, 'Свитер', '100% Органический хлопок', 1, 1, 1, 5, '9546.00', 2, 1, 1, 2, 1),
(129, 'IB0IB00548*0GN*8', 'IB0IB00548', 12, 2, 0, 1, 1, 2, 'Толстовка-свитшот', '100% Органический хлопок', 1, 1, 4, 5, '8909.00', 2, 1, 1, 2, 1),
(130, 'IB0IB00566*LFH*10', 'IB0IB00566', 13, 3, 138, 1, 1, 2, 'Толстовка-свитшот', '100% Органический хлопок', 1, 1, 3, 0, '9546.00', 2, 1, 1, 2, 1),
(131, 'IB0IB00547*PNR*16', 'IB0IB00547', 8, 6, 135, 1, 1, 2, 'Толстовка-свитшот', '100 Хлопок', 1, 1, 2, 0, '7637.00', 2, 1, 1, 2, 1),
(132, 'IB0IB00547*PNR*14', 'IB0IB00547', 8, 5, 135, 1, 1, 2, 'Толстовка-свитшот', '100 Хлопок', 1, 1, 2, 0, '7637.00', 2, 1, 1, 2, 1),
(133, 'IB0IB00547*PNR*10', 'IB0IB00547', 8, 3, 135, 1, 1, 2, 'Толстовка-свитшот', '100 Хлопок', 1, 1, 2, 0, '7637.00', 2, 1, 1, 2, 1),
(134, 'IB0IB00547*PNR*12', 'IB0IB00547', 8, 4, 135, 1, 1, 2, 'Толстовка-свитшот', '100 Хлопок', 1, 1, 2, 0, '7637.00', 2, 1, 1, 2, 1),
(135, 'IB0IB00547*PNR*8', 'IB0IB00547', 8, 2, 0, 1, 1, 2, 'Толстовка-свитшот', '100 Хлопок', 1, 1, 2, 4, '7637.00', 2, 1, 1, 2, 1),
(136, 'IB0IB00539*PZ2*8', 'IB0IB00539', 5, 2, 0, 1, 1, 2, 'Свитер', '100% Органический хлопок', 1, 1, 1, 5, '8909.00', 2, 1, 1, 2, 1),
(137, 'IB0IB00539*PZ2*10', 'IB0IB00539', 5, 3, 136, 1, 1, 2, 'Свитер', '100% Органический хлопок', 1, 1, 1, 0, '8909.00', 2, 1, 1, 2, 1),
(138, 'IB0IB00566*LFH*8', 'IB0IB00566', 13, 2, 0, 1, 1, 2, 'Толстовка-свитшот', '100% Органический хлопок', 1, 1, 3, 5, '9546.00', 2, 1, 1, 2, 1),
(139, 'IG0IG00580*TPH*8', 'IG0IG00580', 14, 2, 0, 2, 1, 2, 'Толстовка-свитшот', '100% Органический хлопок', 1, 1, 4, 5, '8909.00', 2, 1, 1, 2, 1),
(140, 'IG0IG00580*TPH*10', 'IG0IG00580', 14, 3, 139, 2, 1, 2, 'Толстовка-свитшот', '100% Органический хлопок', 1, 1, 4, 0, '8909.00', 2, 1, 1, 2, 1),
(141, 'IG0IG00582*BEH*8', 'IG0IG00582', 1, 2, 0, 2, 1, 2, 'Толстовка-свитшот', '92% Хлопок, 8% Эластан', 1, 1, 4, 4, '8273.00', 2, 1, 1, 2, 1),
(142, 'IG0IG00582*BEH*10', 'IG0IG00582', 1, 3, 141, 2, 1, 2, 'Толстовка-свитшот', '92% Хлопок, 8% Эластан', 1, 1, 4, 0, '8273.00', 2, 1, 1, 2, 1),
(143, 'IG0IG00580*XND*10', 'IG0IG00580', 15, 3, 179, 2, 1, 2, 'Толстовка-свитшот', '100% Органический хлопок', 1, 1, 4, 0, '8909.00', 2, 1, 1, 2, 1),
(144, 'IG0IG00580*XND*12', 'IG0IG00580', 15, 4, 179, 2, 1, 2, 'Толстовка-свитшот', '100% Органический хлопок', 1, 1, 4, 0, '8909.00', 2, 1, 1, 2, 1),
(145, 'IU0IU00163*TPH*8', 'IU0IU00163', 14, 2, 0, 3, 1, 2, 'Толстовка c капюшоном', '100% Органический хлопок', 1, 1, 4, 9, '8273.00', 2, 1, 1, 2, 1),
(146, 'IU0IU00163*TPH*10', 'IU0IU00163', 14, 3, 145, 3, 1, 2, 'Толстовка c капюшоном', '100% Органический хлопок', 1, 1, 4, 0, '8273.00', 2, 1, 1, 2, 1),
(147, 'IG0IG00580*TPH*12', 'IG0IG00580', 14, 4, 139, 2, 1, 2, 'Толстовка-свитшот', '100% Органический хлопок', 1, 1, 4, 0, '8909.00', 2, 1, 1, 2, 1),
(148, 'IG0IG00580*TPH*14', 'IG0IG00580', 14, 5, 139, 2, 1, 2, 'Толстовка-свитшот', '100% Органический хлопок', 1, 1, 4, 0, '8909.00', 2, 1, 1, 2, 1),
(149, 'IG0IG00580*TPH*16', 'IG0IG00580', 14, 6, 139, 2, 1, 2, 'Толстовка-свитшот', '100% Органический хлопок', 1, 1, 4, 0, '8909.00', 2, 1, 1, 2, 1),
(150, 'IG0IG00582*BEH*12', 'IG0IG00582', 1, 4, 141, 2, 1, 2, 'Толстовка-свитшот', '92% Хлопок, 8% Эластан', 1, 1, 4, 0, '8273.00', 2, 1, 1, 2, 1),
(151, 'IG0IG00582*BEH*14', 'IG0IG00582', 1, 5, 141, 2, 1, 2, 'Толстовка-свитшот', '92% Хлопок, 8% Эластан', 1, 1, 4, 0, '8273.00', 2, 1, 1, 2, 1),
(152, 'IG0IG00582*BEH*16', 'IG0IG00582', 1, 6, 141, 2, 1, 2, 'Толстовка-свитшот', '92% Хлопок, 8% Эластан', 1, 1, 4, 0, '8273.00', 2, 1, 1, 2, 1),
(153, 'IG0IG00576*BEH*12', 'IG0IG00576', 1, 4, 173, 2, 1, 2, 'Толстовка-свитшот', '100% Органический хлопок', 1, 1, 1, 0, '10000.00', 2, 1, 1, 2, 1),
(154, 'IG0IG00576*BEH*14', 'IG0IG00576', 1, 5, 173, 2, 1, 2, 'Толстовка-свитшот', '100% Органический хлопок', 1, 1, 1, 0, '10000.00', 2, 1, 1, 2, 1),
(155, 'IG0IG00576*BEH*16', 'IG0IG00576', 1, 6, 173, 2, 1, 2, 'Толстовка-свитшот', '100% Органический хлопок', 1, 1, 1, 0, '10000.00', 2, 1, 1, 2, 1),
(156, 'IG0IG00581*YAF*10', 'IG0IG00581', 9, 3, 183, 2, 1, 2, 'Толстовка-свитшот', '100% Органический хлопок', 1, 1, 3, 0, '8273.00', 2, 1, 1, 2, 1),
(157, 'IG0IG00581*YAF*12', 'IG0IG00581', 9, 4, 183, 2, 1, 2, 'Толстовка-свитшот', '100% Органический хлопок', 1, 1, 3, 0, '8273.00', 2, 1, 1, 2, 1),
(158, 'IG0IG00581*YAF*14', 'IG0IG00581', 9, 5, 183, 2, 1, 2, 'Толстовка-свитшот', '100% Органический хлопок', 1, 1, 3, 0, '8273.00', 2, 1, 1, 2, 1),
(159, 'IG0IG00581*YAF*16', 'IG0IG00581', 9, 6, 183, 2, 1, 2, 'Толстовка-свитшот', '100% Органический хлопок', 1, 1, 3, 0, '8273.00', 2, 1, 1, 2, 1),
(160, 'IG0IG00575*BEH*8', 'IG0IG00575', 1, 2, 0, 2, 1, 2, 'Толстовка-свитшот', '100% Органический хлопок', 1, 1, 1, 0, '9546.00', 2, 1, 1, 2, 1),
(161, 'IG0IG00575*BEH*10', 'IG0IG00575', 1, 3, 160, 2, 1, 2, 'Толстовка-свитшот', '100% Органический хлопок', 1, 1, 1, 0, '9546.00', 2, 1, 1, 2, 1),
(162, 'IG0IG00575*BEH*12', 'IG0IG00575', 1, 4, 160, 2, 1, 2, 'Толстовка-свитшот', '100% Органический хлопок', 1, 1, 1, 0, '9546.00', 2, 1, 1, 2, 1),
(163, 'IG0IG00575*BEH*14', 'IG0IG00575', 1, 5, 160, 2, 1, 2, 'Толстовка-свитшот', '100% Органический хлопок', 1, 1, 1, 0, '9546.00', 2, 1, 1, 2, 1),
(164, 'IG0IG00575*BEH*16', 'IG0IG00575', 1, 6, 160, 2, 1, 2, 'Толстовка-свитшот', '100% Органический хлопок', 1, 1, 1, 0, '9546.00', 2, 1, 1, 2, 1),
(165, 'IG0IG00576*BEH*10', 'IG0IG00576', 1, 3, 173, 2, 1, 2, 'Толстовка-свитшот', '100% Органический хлопок', 1, 1, 1, 0, '10000.00', 2, 1, 1, 2, 1),
(166, 'IG0IG00580*XND*16', 'IG0IG00580', 15, 6, 179, 2, 1, 2, 'Толстовка-свитшот', '100% Органический хлопок', 1, 1, 4, 0, '8909.00', 2, 1, 1, 2, 1),
(167, 'IG0IG00580*XND*14', 'IG0IG00580', 15, 5, 179, 2, 1, 2, 'Толстовка-свитшот', '100% Органический хлопок', 1, 1, 4, 0, '8909.00', 2, 1, 1, 2, 1),
(168, 'IG0IG00579*YAF*8', 'IG0IG00579', 9, 2, 0, 2, 1, 2, 'Толстовка-свитшот', '83% хлопок, 15% полиэстер, 2% эластан', 1, 1, 4, 4, '10000.00', 2, 1, 1, 2, 1),
(169, 'IG0IG00579*YAF*10', 'IG0IG00579', 9, 3, 168, 2, 1, 2, 'Толстовка-свитшот', '83% хлопок, 15% полиэстер, 2% эластан', 1, 1, 4, 0, '10000.00', 2, 1, 1, 2, 1),
(170, 'IG0IG00579*YAF*12', 'IG0IG00579', 9, 4, 168, 2, 1, 2, 'Толстовка-свитшот', '83% хлопок, 15% полиэстер, 2% эластан', 1, 1, 4, 0, '10000.00', 2, 1, 1, 2, 1),
(171, 'IG0IG00579*YAF*14', 'IG0IG00579', 9, 5, 168, 2, 1, 2, 'Толстовка-свитшот', '83% хлопок, 15% полиэстер, 2% эластан', 1, 1, 4, 0, '10000.00', 2, 1, 1, 2, 1),
(172, 'IG0IG00579*YAF*16', 'IG0IG00579', 9, 6, 168, 2, 1, 2, 'Толстовка-свитшот', '83% хлопок, 15% полиэстер, 2% эластан', 1, 1, 4, 0, '10000.00', 2, 1, 1, 2, 1),
(173, 'IG0IG00576*BEH*8', 'IG0IG00576', 1, 2, 0, 2, 1, 2, 'Толстовка-свитшот', '100% Органический хлопок', 1, 1, 1, 5, '10000.00', 2, 1, 1, 2, 1),
(174, 'IG0IG00616*TPH*8', 'IG0IG00616', 14, 2, 0, 2, 1, 2, 'Свитер', '100% Органический хлопок', 1, 1, 1, 5, '8909.00', 2, 1, 1, 2, 1),
(175, 'IG0IG00616*TPH*10', 'IG0IG00616', 14, 3, 174, 2, 1, 2, 'Свитер', '100% Органический хлопок', 1, 1, 1, 0, '8909.00', 2, 1, 1, 2, 1),
(176, 'IG0IG00616*TPH*12', 'IG0IG00616', 14, 4, 174, 2, 1, 2, 'Свитер', '100% Органический хлопок', 1, 1, 1, 0, '8909.00', 2, 1, 1, 2, 1),
(177, 'IG0IG00616*TPH*14', 'IG0IG00616', 14, 5, 174, 2, 1, 2, 'Свитер', '100% Органический хлопок', 1, 1, 1, 0, '8909.00', 2, 1, 1, 2, 1),
(178, 'IG0IG00616*TPH*16', 'IG0IG00616', 14, 6, 174, 2, 1, 2, 'Свитер', '100% Органический хлопок', 1, 1, 1, 0, '8909.00', 2, 1, 1, 2, 1),
(179, 'IG0IG00580*XND*8', 'IG0IG00580', 15, 2, 0, 2, 1, 2, 'Толстовка-свитшот', '100% Органический хлопок', 1, 1, 4, 5, '8909.00', 2, 1, 1, 2, 1),
(180, 'IU0IU00163*TPH*12', 'IU0IU00163', 14, 4, 145, 3, 1, 2, 'Толстовка c капюшоном', '100% Органический хлопок', 1, 1, 4, 0, '8273.00', 2, 1, 1, 2, 1),
(181, 'IU0IU00163*TPH*14', 'IU0IU00163', 14, 5, 145, 3, 1, 2, 'Толстовка c капюшоном', '100% Органический хлопок', 1, 1, 4, 0, '8273.00', 2, 1, 1, 2, 1),
(182, 'IU0IU00163*TPH*16', 'IU0IU00163', 14, 6, 145, 3, 1, 2, 'Толстовка c капюшоном', '100% Органический хлопок', 1, 1, 4, 0, '8273.00', 2, 1, 1, 2, 1),
(183, 'IG0IG00581*YAF*8', 'IG0IG00581', 9, 2, 0, 2, 1, 2, 'Толстовка-свитшот', '100% Органический хлопок', 1, 1, 3, 5, '8273.00', 2, 1, 1, 2, 1),
(184, 'IB0IB00546*BEH*8', 'IB0IB00546', 1, 2, 0, 1, 1, 2, 'Толстовка на молнии', '50% Хлопок, 50% Полиэстер', 1, 1, 3, 0, '9546.00', 2, 1, 1, 2, 1),
(185, 'IB0IB00546*BEH*10', 'IB0IB00546', 1, 3, 184, 1, 1, 2, 'Толстовка на молнии', '50% Хлопок, 50% Полиэстер', 1, 1, 3, 0, '9546.00', 2, 1, 1, 2, 1),
(186, 'IB0IB00546*BEH*12', 'IB0IB00546', 1, 4, 184, 1, 1, 2, 'Толстовка на молнии', '50% Хлопок, 50% Полиэстер', 1, 1, 3, 0, '9546.00', 2, 1, 1, 2, 1),
(187, 'IB0IB00546*BEH*14', 'IB0IB00546', 1, 5, 184, 1, 1, 2, 'Толстовка на молнии', '50% Хлопок, 50% Полиэстер', 1, 1, 3, 0, '9546.00', 2, 1, 1, 2, 1),
(188, 'IB0IB00546*BEH*16', 'IB0IB00546', 1, 6, 184, 1, 1, 2, 'Толстовка на молнии', '50% Хлопок, 50% Полиэстер', 1, 1, 3, 0, '9546.00', 2, 1, 1, 2, 1),
(189, 'IB0IB00570*PZ2*8', 'IB0IB00570', 5, 2, 0, 1, 1, 2, 'Толстовка c капюшоном', '50% Хлопок, 50% Полиэстер', 1, 1, 3, 4, '8909.00', 2, 1, 1, 2, 1),
(190, 'IB0IB00570*PZ2*10', 'IB0IB00570', 5, 3, 189, 1, 1, 2, 'Толстовка c капюшоном', '50% Хлопок, 50% Полиэстер', 1, 1, 3, 0, '8909.00', 2, 1, 1, 2, 1),
(191, 'IB0IB00570*PZ2*12', 'IB0IB00570', 5, 4, 189, 1, 1, 2, 'Толстовка c капюшоном', '50% Хлопок, 50% Полиэстер', 1, 1, 3, 0, '8909.00', 2, 1, 1, 2, 1),
(192, 'IB0IB00570*PZ2*14', 'IB0IB00570', 5, 5, 189, 1, 1, 2, 'Толстовка c капюшоном', '50% Хлопок, 50% Полиэстер', 1, 1, 3, 0, '8909.00', 2, 1, 1, 2, 1),
(193, 'IB0IB00570*PZ2*16', 'IB0IB00570', 5, 6, 189, 1, 1, 2, 'Толстовка c капюшоном', '50% Хлопок, 50% Полиэстер', 1, 1, 3, 0, '8909.00', 2, 1, 1, 2, 1),
(194, 'IG0IG00583*BEH*8', 'IG0IG00583', 1, 2, 0, 2, 1, 2, 'Толстовка c капюшоном', '50% Хлопок, 50% Полиэстер', 1, 1, 3, 0, '9546.00', 2, 1, 1, 2, 1),
(195, 'IG0IG00583*BEH*10', 'IG0IG00583', 1, 3, 194, 2, 1, 2, 'Толстовка c капюшоном', '50% Хлопок, 50% Полиэстер', 1, 1, 3, 0, '9546.00', 2, 1, 1, 2, 1),
(196, 'IG0IG00583*BEH*12', 'IG0IG00583', 1, 4, 194, 2, 1, 2, 'Толстовка c капюшоном', '50% Хлопок, 50% Полиэстер', 1, 1, 3, 0, '9546.00', 2, 1, 1, 2, 1),
(197, 'IG0IG00583*BEH*14', 'IG0IG00583', 1, 5, 194, 2, 1, 2, 'Толстовка c капюшоном', '50% Хлопок, 50% Полиэстер', 1, 1, 3, 0, '9546.00', 2, 1, 1, 2, 1),
(198, 'IG0IG00583*BEH*16', 'IG0IG00583', 1, 6, 194, 2, 1, 2, 'Толстовка c капюшоном', '50% Хлопок, 50% Полиэстер', 1, 1, 3, 0, '9546.00', 2, 1, 1, 2, 1),
(199, 'IG0IG00585*0GJ*8', 'IG0IG00585', 7, 2, 0, 2, 1, 2, 'Толстовка c капюшоном', '50% Хлопок, 50% Полиэстер', 1, 1, 3, 0, '10000.00', 2, 1, 1, 2, 1),
(200, 'IG0IG00585*0GJ*10', 'IG0IG00585', 7, 3, 199, 2, 1, 2, 'Толстовка c капюшоном', '50% Хлопок, 50% Полиэстер', 1, 1, 3, 0, '10000.00', 2, 1, 1, 2, 1),
(201, 'IG0IG00585*0GJ*12', 'IG0IG00585', 7, 4, 199, 2, 1, 2, 'Толстовка c капюшоном', '50% Хлопок, 50% Полиэстер', 1, 1, 3, 0, '10000.00', 2, 1, 1, 2, 1),
(202, 'IG0IG00585*0GJ*14', 'IG0IG00585', 7, 5, 199, 2, 1, 2, 'Толстовка c капюшоном', '50% Хлопок, 50% Полиэстер', 1, 1, 3, 0, '10000.00', 2, 1, 1, 2, 1),
(203, 'IG0IG00585*0GJ*16', 'IG0IG00585', 7, 6, 199, 2, 1, 2, 'Толстовка c капюшоном', '50% Хлопок, 50% Полиэстер', 1, 1, 3, 0, '10000.00', 2, 1, 1, 2, 1),
(204, 'IB0IB00557*LFH*16', 'IB0IB00557', 13, 6, 218, 1, 1, 3, 'Куртка пуховая', '100% переработанный полиэстер', 1, 1, 1, 0, '10000.00', 2, 1, 1, 2, 1),
(205, 'IB0IB00557*LFH*12', 'IB0IB00557', 13, 4, 218, 1, 1, 3, 'Куртка пуховая', '100% переработанный полиэстер', 1, 1, 1, 0, '10000.00', 2, 1, 1, 2, 1),
(206, 'IB0IB00557*LFH*14', 'IB0IB00557', 13, 5, 218, 1, 1, 3, 'Куртка пуховая', '100% переработанный полиэстер', 1, 1, 1, 0, '10000.00', 2, 1, 1, 2, 1),
(207, 'IB0IB00557*LFH*10', 'IB0IB00557', 13, 3, 218, 1, 1, 3, 'Куртка пуховая', '100% переработанный полиэстер', 1, 1, 1, 0, '10000.00', 2, 1, 1, 2, 1),
(208, 'IB0IB00560*0GN*14', 'IB0IB00560', 12, 5, 211, 1, 1, 3, 'Куртка пуховая', '100% переработанный полиэстер', 1, 1, 1, 0, '100011.00', 2, 1, 1, 2, 1),
(209, 'IB0IB00560*0GN*16', 'IB0IB00560', 12, 6, 211, 1, 1, 3, 'Куртка пуховая', '100% переработанный полиэстер', 1, 1, 1, 0, '10000.00', 2, 1, 1, 2, 1),
(210, 'IB0IB00560*0GN*12', 'IB0IB00560', 12, 4, 211, 1, 1, 3, 'Куртка пуховая', '100% переработанный полиэстер', 1, 1, 1, 0, '10000.00', 2, 1, 1, 2, 1),
(211, 'IB0IB00560*0GN*8', 'IB0IB00560', 12, 2, 0, 1, 1, 3, 'Куртка пуховая', '100% переработанный полиэстер', 1, 1, 1, 4, '10000.00', 2, 1, 1, 2, 1),
(212, 'IB0IB00560*0GN*10', 'IB0IB00560', 12, 3, 211, 1, 1, 3, 'Куртка пуховая', '100% переработанный полиэстер', 1, 1, 1, 0, '10000.00', 2, 1, 1, 2, 1),
(213, 'IB0IB00559*BEH*8', 'IB0IB00559', 1, 2, 0, 1, 1, 3, 'Куртка пуховая', '100% переработанный полиэстер', 1, 1, 1, 4, '10000.00', 2, 1, 1, 2, 1),
(214, 'IB0IB00559*BEH*12', 'IB0IB00559', 1, 4, 213, 1, 1, 3, 'Куртка пуховая', '100% переработанный полиэстер', 1, 1, 1, 0, '10000.00', 2, 1, 1, 2, 1),
(215, 'IB0IB00559*BEH*14', 'IB0IB00559', 1, 5, 213, 1, 1, 3, 'Куртка пуховая', '100% переработанный полиэстер', 1, 1, 1, 0, '10000.00', 2, 1, 1, 2, 1),
(216, 'IB0IB00559*BEH*16', 'IB0IB00559', 1, 6, 213, 1, 1, 3, 'Куртка пуховая', '100% переработанный полиэстер', 1, 1, 1, 0, '10000.00', 2, 1, 1, 2, 1),
(217, 'IB0IB00559*BEH*10', 'IB0IB00559', 1, 3, 213, 1, 1, 3, 'Куртка пуховая', '100% переработанный полиэстер', 1, 1, 1, 0, '10000.00', 2, 1, 1, 2, 1),
(218, 'IB0IB00557*LFH*8', 'IB0IB00557', 13, 2, 0, 1, 1, 3, 'Куртка пуховая', '100% переработанный полиэстер', 1, 1, 1, 0, '10000.00', 2, 1, 1, 2, 1),
(219, 'IB0IB00554*C65*16', 'IB0IB00554', 11, 6, 220, 1, 1, 3, 'Куртка пуховая', '100% полиамид', 1, 1, 1, 0, '10000.00', 2, 1, 1, 2, 1),
(220, 'IB0IB00554*C65*8', 'IB0IB00554', 11, 2, 0, 1, 1, 3, 'Куртка пуховая', '100% полиамид', 1, 1, 1, 4, '10000.00', 2, 1, 1, 2, 1),
(221, 'IB0IB00554*C65*10', 'IB0IB00554', 11, 3, 220, 1, 1, 3, 'Куртка пуховая', '100% полиамид', 1, 1, 1, 0, '10000.00', 2, 1, 1, 2, 1),
(222, 'IB0IB00554*C65*12', 'IB0IB00554', 11, 4, 220, 1, 1, 3, 'Куртка пуховая', '100% полиамид', 1, 1, 1, 0, '10000.00', 2, 1, 1, 2, 1),
(223, 'IB0IB00554*C65*14', 'IB0IB00554', 11, 5, 220, 1, 1, 3, 'Куртка пуховая', '100% полиамид', 1, 1, 1, 0, '10000.00', 2, 1, 1, 2, 1),
(224, 'IG0IG00596*BEH*16', 'IG0IG00596', 1, 6, 228, 2, 1, 3, 'Куртка', '100% полиамид', 1, 1, 1, 0, '10000.00', 2, 1, 1, 2, 1),
(225, 'IG0IG00596*BEH*12', 'IG0IG00596', 1, 4, 228, 2, 1, 3, 'Куртка', '100% полиамид', 1, 1, 1, 0, '10000.00', 2, 1, 1, 2, 1),
(226, 'IG0IG00596*BEH*14', 'IG0IG00596', 1, 5, 228, 2, 1, 3, 'Куртка', '100% полиамид', 1, 1, 1, 0, '10000.00', 2, 1, 1, 2, 1),
(227, 'IG0IG00596*BEH*10', 'IG0IG00596', 1, 3, 228, 2, 1, 3, 'Куртка', '100% полиамид', 1, 1, 1, 0, '10000.00', 2, 1, 1, 2, 1),
(228, 'IG0IG00596*BEH*8', 'IG0IG00596', 1, 2, 0, 2, 1, 3, 'Куртка', '100% полиамид', 1, 1, 1, 4, '10000.00', 2, 1, 1, 2, 1),
(229, 'IG0IG00634*0IM*16', 'IG0IG00634', 3, 6, 233, 2, 1, 3, 'Куртка пальто', '100% полиамид', 1, 1, 1, 0, '10000.00', 2, 1, 1, 2, 1),
(230, 'IG0IG00634*0IM*14', 'IG0IG00634', 3, 5, 233, 2, 1, 3, 'Куртка пальто', '100% полиамид', 1, 1, 1, 0, '10000.00', 2, 1, 1, 2, 1),
(231, 'IG0IG00634*0IM*12', 'IG0IG00634', 3, 4, 233, 2, 1, 3, 'Куртка пальто', '100% полиамид', 1, 1, 1, 0, '10000.00', 2, 1, 1, 2, 1),
(232, 'IG0IG00634*0IM*10', 'IG0IG00634', 3, 3, 233, 2, 1, 3, 'Куртка пальто', '100% полиамид', 1, 1, 1, 0, '10000.00', 2, 1, 1, 2, 1),
(233, 'IG0IG00634*0IM*8', 'IG0IG00634', 3, 2, 0, 2, 1, 3, 'Куртка пальто', '100% полиамид', 1, 1, 1, 4, '10000.00', 2, 1, 1, 2, 1),
(234, 'IG0IG00593*TPH*10', 'IG0IG00593', 14, 3, 240, 2, 1, 3, 'Куртка пуховая', '100% переработанный полиэстер', 1, 1, 1, 0, '10000.00', 2, 1, 1, 2, 1),
(235, 'IG0IG00593*TPH*12', 'IG0IG00593', 14, 4, 240, 2, 1, 3, 'Куртка пуховая', '100% переработанный полиэстер', 1, 1, 1, 0, '10000.00', 2, 1, 1, 2, 1),
(236, 'IG0IG00593*TPH*14', 'IG0IG00593', 14, 5, 240, 2, 1, 3, 'Куртка пуховая', '100% переработанный полиэстер', 1, 1, 1, 0, '10000.00', 2, 1, 1, 2, 1),
(237, 'IG0IG00593*TPH*16', 'IG0IG00593', 14, 6, 240, 2, 1, 3, 'Куртка пуховая', '100% переработанный полиэстер', 1, 1, 1, 0, '10000.00', 2, 1, 1, 2, 1),
(238, 'IG0IG00590*YAF*8', 'IG0IG00590', 9, 2, 0, 2, 1, 3, 'Куртка', '100% полиамид', 1, 1, 1, 6, '10000.00', 2, 1, 1, 2, 1),
(239, 'IG0IG00590*YAF*10', 'IG0IG00590', 9, 3, 238, 2, 1, 3, 'Куртка', '100% полиамид', 1, 1, 1, 0, '10000.00', 2, 1, 1, 2, 1),
(240, 'IG0IG00593*TPH*8', 'IG0IG00593', 14, 2, 0, 2, 1, 3, 'Куртка пуховая', '100% переработанный полиэстер', 1, 1, 1, 0, '10000.00', 2, 1, 1, 2, 1),
(241, 'IG0IG00590*YAF*12', 'IG0IG00590', 9, 4, 238, 2, 1, 3, 'Куртка', '100% полиамид', 1, 1, 1, 0, '10000.00', 2, 1, 1, 2, 1),
(242, 'IG0IG00590*YAF*14', 'IG0IG00590', 9, 5, 238, 2, 1, 3, 'Куртка', '100% полиамид', 1, 1, 1, 0, '10000.00', 2, 1, 1, 2, 1),
(243, 'IG0IG00590*YAF*16', 'IG0IG00590', 9, 6, 238, 2, 1, 3, 'Куртка', '100% полиамид', 1, 1, 1, 0, '10000.00', 2, 1, 1, 2, 1),
(244, 'IB0IB00508*1BK*8', 'IB0IB00508', 16, 2, 0, 1, 1, 2, 'Джинсы слимы', '90% хлопок, 8% эластомультиэстер, 2% эластан', 1, 1, 7, 0, '8909.00', 2, 1, 1, 2, 1),
(245, 'IB0IB00508*1BK*10', 'IB0IB00508', 16, 3, 244, 1, 1, 2, 'Джинсы слимы', '90% хлопок, 8% эластомультиэстер, 2% эластан', 1, 1, 7, 0, '8909.00', 2, 1, 1, 2, 1),
(246, 'IB0IB00508*1BK*12', 'IB0IB00508', 16, 4, 244, 1, 1, 2, 'Джинсы слимы', '90% хлопок, 8% эластомультиэстер, 2% эластан', 1, 1, 7, 0, '8909.00', 2, 1, 1, 2, 1),
(247, 'IB0IB00505*1A4*14', 'IB0IB00505', 17, 5, 263, 1, 1, 2, 'Джинсы слимы', '74% Хлопок, 25% Полиэстер, 1% Эластан', 1, 1, 5, 0, '7637.00', 2, 1, 1, 2, 1),
(248, 'IB0IB00505*1A4*16', 'IB0IB00505', 17, 6, 263, 1, 1, 2, 'Джинсы слимы', '74% Хлопок, 25% Полиэстер, 1% Эластан', 1, 1, 5, 0, '7637.00', 2, 1, 1, 2, 1),
(249, 'IB0IB00505*1A4*12', 'IB0IB00505', 17, 4, 263, 1, 1, 2, 'Джинсы слимы', '74% Хлопок, 25% Полиэстер, 1% Эластан', 1, 1, 5, 0, '7637.00', 2, 1, 1, 2, 1),
(250, 'IB0IB00508*1BK*14', 'IB0IB00508', 16, 5, 244, 1, 1, 2, 'Джинсы слимы', '90% хлопок, 8% эластомультиэстер, 2% эластан', 1, 1, 7, 0, '8909.00', 2, 1, 1, 2, 1),
(251, 'IB0IB00508*1BK*16', 'IB0IB00508', 16, 6, 244, 1, 1, 2, 'Джинсы слимы', '90% хлопок, 8% эластомультиэстер, 2% эластан', 1, 1, 7, 0, '8909.00', 2, 1, 1, 2, 1),
(252, 'IB0IB00505*1A4*10', 'IB0IB00505', 17, 3, 263, 1, 1, 2, 'Джинсы слимы', '74% Хлопок, 25% Полиэстер, 1% Эластан', 1, 1, 5, 0, '7637.00', 2, 1, 1, 2, 1),
(253, 'IB0IB00507*1BY*16', 'IB0IB00507', 18, 6, 262, 1, 1, 2, 'Джинсы скини', '74% Хлопок, 25% Полиэстер, 1% Эластан', 1, 1, 8, 0, '7637.00', 2, 1, 1, 2, 1),
(254, 'IB0IB00507*1BY*14', 'IB0IB00507', 18, 5, 262, 1, 1, 2, 'Джинсы скини', '74% Хлопок, 25% Полиэстер, 1% Эластан', 1, 1, 8, 0, '7637.00', 2, 1, 1, 2, 1),
(255, 'IB0IB00507*1BY*10', 'IB0IB00507', 18, 3, 262, 1, 1, 2, 'Джинсы скини', '74% Хлопок, 25% Полиэстер, 1% Эластан', 1, 1, 8, 0, '7637.00', 2, 1, 1, 2, 1),
(256, 'IB0IB00507*1BY*12', 'IB0IB00507', 18, 4, 262, 1, 1, 2, 'Джинсы скини', '74% Хлопок, 25% Полиэстер, 1% Эластан', 1, 1, 8, 0, '7637.00', 2, 1, 1, 2, 1),
(257, 'IB0IB00562*1A4*8', 'IB0IB00562', 17, 2, 0, 1, 1, 2, 'Джинсы скини', '83% хлопок, 15% полиэстер, 2% эластан', 1, 1, 7, 0, '8909.00', 2, 1, 1, 2, 1),
(258, 'IB0IB00562*1A4*12', 'IB0IB00562', 17, 4, 257, 1, 1, 2, 'Джинсы скини', '83% хлопок, 15% полиэстер, 2% эластан', 1, 1, 7, 0, '8909.00', 2, 1, 1, 2, 1),
(259, 'IB0IB00562*1A4*14', 'IB0IB00562', 17, 5, 257, 1, 1, 2, 'Джинсы скини', '83% хлопок, 15% полиэстер, 2% эластан', 1, 1, 7, 0, '8909.00', 2, 1, 1, 2, 1),
(260, 'IB0IB00562*1A4*16', 'IB0IB00562', 17, 6, 257, 1, 1, 2, 'Джинсы скини', '83% хлопок, 15% полиэстер, 2% эластан', 1, 1, 7, 0, '8909.00', 2, 1, 1, 2, 1),
(261, 'IB0IB00562*1A4*10', 'IB0IB00562', 17, 3, 257, 1, 1, 2, 'Джинсы скини', '83% хлопок, 15% полиэстер, 2% эластан', 1, 1, 7, 0, '8909.00', 2, 1, 1, 2, 1),
(262, 'IB0IB00507*1BY*8', 'IB0IB00507', 18, 2, 0, 1, 1, 2, 'Джинсы скини', '74% Хлопок, 25% Полиэстер, 1% Эластан', 1, 1, 8, 4, '7637.00', 2, 1, 1, 2, 1),
(263, 'IB0IB00505*1A4*8', 'IB0IB00505', 17, 2, 0, 1, 1, 2, 'Джинсы слимы', '74% Хлопок, 25% Полиэстер, 1% Эластан', 1, 1, 5, 0, '7637.00', 2, 1, 1, 2, 1),
(264, 'IG0IG00546*1BY*8', 'IG0IG00546', 18, 2, 0, 2, 1, 2, 'Джинсы скини', '74% Хлопок, 25% Полиэстер, 1% Эластан', 1, 1, 5, 0, '7637.00', 2, 1, 1, 2, 1),
(265, 'IG0IG00546*1BY*10', 'IG0IG00546', 18, 3, 264, 2, 1, 2, 'Джинсы скини', '74% Хлопок, 25% Полиэстер, 1% Эластан', 1, 1, 5, 0, '7637.00', 2, 1, 1, 2, 1),
(266, 'IG0IG00546*1BY*12', 'IG0IG00546', 18, 4, 264, 2, 1, 2, 'Джинсы скини', '74% Хлопок, 25% Полиэстер, 1% Эластан', 1, 1, 5, 0, '7637.00', 2, 1, 1, 2, 1),
(267, 'IG0IG00546*1BY*14', 'IG0IG00546', 18, 5, 264, 2, 1, 2, 'Джинсы скини', '74% Хлопок, 25% Полиэстер, 1% Эластан', 1, 1, 5, 0, '7637.00', 2, 1, 1, 2, 1),
(268, 'IG0IG00546*1BY*16', 'IG0IG00546', 18, 6, 264, 2, 1, 2, 'Джинсы скини', '74% Хлопок, 25% Полиэстер, 1% Эластан', 1, 1, 5, 0, '7637.00', 2, 1, 1, 2, 1),
(269, 'IG0IG00554*1A4*12', 'IG0IG00554', 17, 4, 283, 2, 1, 2, 'Джинсы скини', '97% хлопок, 3% эластан', 1, 1, 7, 0, '8909.00', 2, 1, 1, 2, 1),
(270, 'IG0IG00554*1A4*14', 'IG0IG00554', 17, 5, 283, 2, 1, 2, 'Джинсы скини', '97% хлопок, 3% эластан', 1, 1, 7, 0, '8909.00', 2, 1, 1, 2, 1),
(271, 'IG0IG00554*1A4*16', 'IG0IG00554', 17, 6, 283, 2, 1, 2, 'Джинсы скини', '97% хлопок, 3% эластан', 1, 1, 7, 0, '8909.00', 2, 1, 1, 2, 1),
(272, 'IG0IG00550*1BK*10', 'IG0IG00550', 16, 3, 277, 2, 1, 2, 'Джинсы супер скини', '90% хлопок, 8% эластомультиэстер, 2% эластан', 1, 1, 8, 0, '8909.00', 2, 1, 1, 2, 1),
(273, 'IG0IG00550*1BK*12', 'IG0IG00550', 16, 4, 277, 2, 1, 2, 'Джинсы супер скини', '90% хлопок, 8% эластомультиэстер, 2% эластан', 1, 1, 8, 0, '8909.00', 2, 1, 1, 2, 1),
(274, 'IG0IG00550*1BK*14', 'IG0IG00550', 16, 5, 277, 2, 1, 2, 'Джинсы супер скини', '90% хлопок, 8% эластомультиэстер, 2% эластан', 1, 1, 8, 0, '8909.00', 2, 1, 1, 2, 1),
(275, 'IG0IG00550*1BK*16', 'IG0IG00550', 16, 6, 277, 2, 1, 2, 'Джинсы супер скини', '90% хлопок, 8% эластомультиэстер, 2% эластан', 1, 1, 8, 0, '8909.00', 2, 1, 1, 2, 1),
(276, 'IG0IG00554*1A4*10', 'IG0IG00554', 17, 3, 283, 2, 1, 2, 'Джинсы скини', '97% хлопок, 3% эластан', 1, 1, 7, 0, '8909.00', 2, 1, 1, 2, 1),
(277, 'IG0IG00550*1BK*8', 'IG0IG00550', 16, 2, 0, 2, 1, 2, 'Джинсы супер скини', '90% хлопок, 8% эластомультиэстер, 2% эластан', 1, 1, 8, 0, '8909.00', 2, 1, 1, 2, 1),
(278, 'IG0IG00551*1A4*8', 'IG0IG00551', 17, 2, 0, 2, 1, 2, 'Джинсы скини', '98% хлопок, 2% эластан', 1, 1, 7, 0, '8909.00', 2, 1, 1, 2, 1),
(279, 'IG0IG00551*1A4*10', 'IG0IG00551', 17, 3, 278, 2, 1, 2, 'Джинсы скини', '98% хлопок, 2% эластан', 1, 1, 7, 0, '8909.00', 2, 1, 1, 2, 1),
(280, 'IG0IG00551*1A4*12', 'IG0IG00551', 17, 4, 278, 2, 1, 2, 'Джинсы скини', '98% хлопок, 2% эластан', 1, 1, 7, 0, '8909.00', 2, 1, 1, 2, 1),
(281, 'IG0IG00551*1A4*14', 'IG0IG00551', 17, 5, 278, 2, 1, 2, 'Джинсы скини', '98% хлопок, 2% эластан', 1, 1, 7, 0, '8909.00', 2, 1, 1, 2, 1),
(282, 'IG0IG00551*1A4*16', 'IG0IG00551', 17, 6, 278, 2, 1, 2, 'Джинсы скини', '98% хлопок, 2% эластан', 1, 1, 7, 0, '8909.00', 2, 1, 1, 2, 1),
(283, 'IG0IG00554*1A4*8', 'IG0IG00554', 17, 2, 0, 2, 1, 2, 'Джинсы скини', '97% хлопок, 3% эластан', 1, 1, 7, 0, '8909.00', 2, 1, 1, 2, 1),
(284, 'IG0IG00553*1BY*8', 'IG0IG00553', 18, 2, 0, 2, 1, 2, 'Джинсы скини', '70% Лайкра, 28% Полиэстер, 2% Эластан', 1, 1, 8, 4, '8909.00', 2, 1, 1, 2, 1),
(285, 'IG0IG00553*1BY*10', 'IG0IG00553', 18, 3, 284, 2, 1, 2, 'Джинсы скини', '70% Лайкра, 28% Полиэстер, 2% Эластан', 1, 1, 8, 0, '8909.00', 2, 1, 1, 2, 1),
(286, 'IG0IG00553*1BY*12', 'IG0IG00553', 18, 4, 284, 2, 1, 2, 'Джинсы скини', '70% Лайкра, 28% Полиэстер, 2% Эластан', 1, 1, 8, 0, '8909.00', 2, 1, 1, 2, 1),
(287, 'IG0IG00553*1BY*14', 'IG0IG00553', 18, 5, 284, 2, 1, 2, 'Джинсы скини', '70% Лайкра, 28% Полиэстер, 2% Эластан', 1, 1, 8, 0, '8909.00', 2, 1, 1, 2, 1),
(288, 'IG0IG00553*1BY*16', 'IG0IG00553', 18, 6, 284, 2, 1, 2, 'Джинсы скини', '70% Лайкра, 28% Полиэстер, 2% Эластан', 1, 1, 8, 0, '8909.00', 2, 1, 1, 2, 1),
(289, 'IB0IB00550*0K4*14', 'IB0IB00550', 23, 5, 293, 1, 1, 2, 'Рубашка', '96% органический хлопок, 4% эластан', 1, 1, 5, 0, '8909.00', 2, 1, 1, 2, 1),
(290, 'IB0IB00550*0K4*16', 'IB0IB00550', 23, 6, 293, 1, 1, 2, 'Рубашка', '96% органический хлопок, 4% эластан', 1, 1, 5, 0, '8909.00', 2, 1, 1, 2, 1),
(291, 'IB0IB00550*0K4*10', 'IB0IB00550', 23, 3, 293, 1, 1, 2, 'Рубашка', '96% органический хлопок, 4% эластан', 1, 1, 5, 0, '8909.00', 2, 1, 1, 2, 1),
(292, 'IB0IB00550*0K4*12', 'IB0IB00550', 23, 4, 293, 1, 1, 2, 'Рубашка', '96% органический хлопок, 4% эластан', 1, 1, 5, 0, '8909.00', 2, 1, 1, 2, 1),
(293, 'IB0IB00550*0K4*8', 'IB0IB00550', 23, 2, 0, 1, 1, 2, 'Рубашка', '96% органический хлопок, 4% эластан', 1, 1, 5, 5, '8909.00', 2, 1, 1, 2, 1),
(294, 'IU0IU00125*TPH*S-M', 'IU0IU00125', 14, 7, 0, 3, 1, 1, 'Ремень', '100% полиэстер', 1, 1, 1, 2, '3182.00', 2, 1, 1, 2, 1),
(295, 'IU0IU00125*TPH*L-XL', 'IU0IU00125', 14, 8, 294, 3, 1, 1, 'Ремень', '100% полиэстер', 1, 1, 1, 2, '3182.00', 2, 1, 1, 2, 1),
(296, 'IU0IU00132*BEH*S-M', 'IU0IU00132', 1, 7, 0, 3, 1, 1, 'Бейсболка', '100 Хлопок', 1, 1, 1, 3, '3182.00', 2, 1, 1, 2, 1),
(297, 'IU0IU00132*BEH*L-XL', 'IU0IU00132', 1, 8, 296, 3, 1, 1, 'Бейсболка', '100 Хлопок', 1, 1, 1, 3, '3182.00', 2, 1, 1, 2, 1),
(298, 'IU0IU00142*ZAA*S-M', 'IU0IU00142', 2, 7, 0, 3, 1, 1, 'Бейсболка', '100% полиэстер', 1, 1, 9, 3, '3818.00', 2, 1, 1, 2, 1),
(299, 'IU0IU00142*ZAA*L-XL', 'IU0IU00142', 2, 8, 298, 3, 1, 1, 'Бейсболка', '100% полиэстер', 1, 1, 9, 3, '3818.00', 2, 1, 1, 2, 1),
(300, 'IU0IU00132*TPH*S-M', 'IU0IU00132', 14, 7, 0, 3, 1, 1, 'Бейсболка', '100 Хлопок', 1, 1, 1, 3, '3182.00', 2, 1, 1, 2, 1),
(301, 'IU0IU00132*TPH*L-XL', 'IU0IU00132', 14, 8, 300, 3, 1, 1, 'Бейсболка', '100 Хлопок', 1, 1, 1, 3, '3182.00', 2, 1, 1, 2, 1),
(302, 'IB0IB00347*ZAA*10', 'IB0IB00347', 2, 3, 306, 1, 1, 2, 'Футболка', 'неизвестно', 1, 1, 10, 0, '3182.00', 2, 1, 1, 2, 1),
(303, 'IB0IB00347*ZAA*12', 'IB0IB00347', 2, 4, 306, 1, 1, 2, 'Футболка', 'неизвестно', 1, 1, 10, 0, '3182.00', 2, 1, 1, 2, 1),
(304, 'IB0IB00347*ZAA*14', 'IB0IB00347', 2, 5, 306, 1, 1, 2, 'Футболка', 'неизвестно', 1, 1, 10, 0, '3182.00', 2, 1, 1, 2, 1),
(305, 'IB0IB00347*ZAA*16', 'IB0IB00347', 2, 6, 306, 1, 1, 2, 'Футболка', 'неизвестно', 1, 1, 10, 0, '3182.00', 2, 1, 1, 2, 1),
(306, 'IB0IB00347*ZAA*8', 'IB0IB00347', 2, 2, 0, 1, 1, 2, 'Футболка', 'неизвестно', 1, 1, 10, 5, '3182.00', 2, 1, 1, 2, 1),
(307, 'IB0IB00514*1A4*10', 'IB0IB00514', 17, 3, 311, 1, 1, 2, 'Брюки (джинсы)', 'неизвестно', 1, 1, 10, 0, '10000.00', 2, 1, 1, 2, 1),
(308, 'IB0IB00514*1A4*12', 'IB0IB00514', 17, 4, 311, 1, 1, 2, 'Брюки (джинсы)', 'неизвестно', 1, 1, 10, 0, '10000.00', 2, 1, 1, 2, 1),
(309, 'IB0IB00514*1A4*14', 'IB0IB00514', 17, 5, 311, 1, 1, 2, 'Брюки (джинсы)', 'неизвестно', 1, 1, 10, 0, '10000.00', 2, 1, 1, 2, 1),
(310, 'IB0IB00514*1A4*16', 'IB0IB00514', 17, 6, 311, 1, 1, 2, 'Брюки (джинсы)', 'неизвестно', 1, 1, 10, 0, '10000.00', 2, 1, 1, 2, 1),
(311, 'IB0IB00514*1A4*8', 'IB0IB00514', 17, 2, 0, 1, 1, 2, 'Брюки (джинсы)', 'неизвестно', 1, 1, 10, 5, '10000.00', 2, 1, 1, 2, 1),
(312, 'IB0IB00516*BEH*10', 'IB0IB00516', 1, 3, 316, 1, 1, 2, 'Брюки', 'неизвестно', 1, 1, 10, 0, '7637.00', 2, 1, 1, 2, 1),
(313, 'IB0IB00516*BEH*12', 'IB0IB00516', 1, 4, 316, 1, 1, 2, 'Брюки', 'неизвестно', 1, 1, 10, 0, '7637.00', 2, 1, 1, 2, 1),
(314, 'IB0IB00516*BEH*14', 'IB0IB00516', 1, 5, 316, 1, 1, 2, 'Брюки', 'неизвестно', 1, 1, 10, 0, '7637.00', 2, 1, 1, 2, 1),
(315, 'IB0IB00516*BEH*16', 'IB0IB00516', 1, 6, 316, 1, 1, 2, 'Брюки', 'неизвестно', 1, 1, 10, 0, '7637.00', 2, 1, 1, 2, 1),
(316, 'IB0IB00516*BEH*8', 'IB0IB00516', 1, 2, 0, 1, 1, 2, 'Брюки', 'неизвестно', 1, 1, 10, 5, '7637.00', 2, 1, 1, 2, 1),
(317, 'IB0IB00527*LFH*10', 'IB0IB00527', 13, 3, 0, 1, 1, 2, 'Футболка', 'неизвестно', 1, 1, 10, 5, '4455.00', 2, 1, 1, 2, 1),
(318, 'IB0IB00527*LFH*12', 'IB0IB00527', 13, 4, 317, 1, 1, 2, 'Футболка', 'неизвестно', 1, 1, 10, 0, '4455.00', 2, 1, 1, 2, 1),
(319, 'IB0IB00527*LFH*14', 'IB0IB00527', 13, 5, 317, 1, 1, 2, 'Футболка', 'неизвестно', 1, 1, 10, 0, '4455.00', 2, 1, 1, 2, 1),
(320, 'IB0IB00527*LFH*16', 'IB0IB00527', 13, 6, 317, 1, 1, 2, 'Футболка', 'неизвестно', 1, 1, 10, 0, '4455.00', 2, 1, 1, 2, 1),
(321, 'IB0IB00540*BEH*10', 'IB0IB00540', 1, 3, 325, 1, 1, 2, 'Свитер', 'неизвестно', 1, 1, 10, 0, '8273.00', 2, 1, 1, 2, 1),
(322, 'IB0IB00540*BEH*12', 'IB0IB00540', 1, 4, 325, 1, 1, 2, 'Свитер', 'неизвестно', 1, 1, 10, 0, '8273.00', 2, 1, 1, 2, 1),
(323, 'IB0IB00540*BEH*14', 'IB0IB00540', 1, 5, 325, 1, 1, 2, 'Свитер', 'неизвестно', 1, 1, 10, 0, '8273.00', 2, 1, 1, 2, 1),
(324, 'IB0IB00540*BEH*16', 'IB0IB00540', 1, 6, 325, 1, 1, 2, 'Свитер', 'неизвестно', 1, 1, 10, 0, '8273.00', 2, 1, 1, 2, 1),
(325, 'IB0IB00540*BEH*8', 'IB0IB00540', 1, 2, 0, 1, 1, 2, 'Свитер', 'неизвестно', 1, 1, 10, 5, '8273.00', 2, 1, 1, 2, 1),
(326, 'IG0IG00561*YAF*10', 'IG0IG00561', 9, 3, 0, 2, 1, 2, 'Футболка с коротким рукавом', 'неизвестно', 1, 1, 10, 0, '3818.00', 2, 1, 1, 2, 1),
(327, 'IG0IG00561*YAF*12', 'IG0IG00561', 9, 4, 326, 2, 1, 2, 'Футболка с коротким рукавом', 'неизвестно', 1, 1, 10, 0, '3818.00', 2, 1, 1, 2, 1),
(328, 'IG0IG00561*YAF*14', 'IG0IG00561', 9, 5, 326, 2, 1, 2, 'Футболка с коротким рукавом', 'неизвестно', 1, 1, 10, 0, '3818.00', 2, 1, 1, 2, 1),
(329, 'IG0IG00561*YAF*16', 'IG0IG00561', 9, 6, 326, 2, 1, 2, 'Футболка с коротким рукавом', 'неизвестно', 1, 1, 10, 0, '3818.00', 2, 1, 1, 2, 1),
(330, 'IG0IG00562*TAB*10', 'IG0IG00562', 6, 3, 0, 2, 1, 2, 'Футболка', 'неизвестно', 1, 1, 10, 5, '5091.00', 2, 1, 1, 2, 1),
(331, 'IG0IG00562*TAB*12', 'IG0IG00562', 6, 4, 330, 2, 1, 2, 'Футболка', 'неизвестно', 1, 1, 10, 0, '5091.00', 2, 1, 1, 2, 1),
(332, 'IG0IG00562*TAB*14', 'IG0IG00562', 6, 5, 330, 2, 1, 2, 'Футболка', 'неизвестно', 1, 1, 10, 0, '5091.00', 2, 1, 1, 2, 1),
(333, 'IG0IG00562*TAB*16', 'IG0IG00562', 6, 6, 330, 2, 1, 2, 'Футболка', 'неизвестно', 1, 1, 10, 0, '5091.00', 2, 1, 1, 2, 1),
(334, 'IG0IG00569*TPH*10', 'IG0IG00569', 14, 3, 337, 2, 1, 2, 'Футболка', 'неизвестно', 1, 1, 10, 0, '3818.00', 2, 1, 1, 2, 1),
(335, 'IG0IG00569*TPH*14', 'IG0IG00569', 14, 5, 337, 2, 1, 2, 'Футболка', 'неизвестно', 1, 1, 10, 0, '3818.00', 2, 1, 1, 2, 1),
(336, 'IG0IG00569*TPH*16', 'IG0IG00569', 14, 6, 337, 2, 1, 2, 'Футболка', 'неизвестно', 1, 1, 10, 0, '3818.00', 2, 1, 1, 2, 1),
(337, 'IG0IG00569*TPH*8', 'IG0IG00569', 14, 2, 0, 2, 1, 2, 'Футболка', 'неизвестно', 1, 1, 10, 5, '3818.00', 2, 1, 1, 2, 1),
(338, 'KB0KB05860*0GY*12', 'KB0KB05860', 24, 4, 375, 1, 2, 2, 'Футболка с коротким рукавом', '100% Органический хлопок', 1, 2, 5, 0, '5091.00', 1, 1, 1, 2, 1),
(339, 'KB0KB05907*YBR*14', 'KB0KB05907', 25, 5, 507, 1, 2, 2, 'Поло с коротким рукавом', '100% Органический хлопок', 1, 2, 5, 0, '7637.00', 1, 1, 1, 2, 1),
(340, 'KG0KG05326*C87*10', 'KG0KG05326', 26, 3, 542, 2, 2, 3, 'Куртка пальто', '65% ПОЛИЭСТЕР, 35% ПЕРЕРАБОТАННЫЙ ПОЛИЭСТЕР', 1, 2, 1, 0, '10000.00', 1, 1, 1, 2, 1),
(341, 'KG0KG05262*C87*8', 'KG0KG05262', 26, 2, 0, 2, 2, 3, 'Куртка ветровка', '100% полиэстер', 1, 2, 1, 0, '10000.00', 1, 1, 1, 2, 1),
(342, 'KG0KG05219*XNL*8', 'KG0KG05219', 27, 2, 0, 2, 2, 2, 'Толстовка c капюшоном', '90% органический хлопок, 10% полиэстер', 1, 2, 2, 0, '10000.00', 1, 1, 1, 2, 1),
(343, 'KB0KB05864*P6U*16', 'KB0KB05864', 28, 6, 475, 1, 2, 2, 'Брюки спортивные', '65% ОРГАНИЧЕСКИЙ ХЛОПОК, 30% ПОЛИЭСТЕР, 5% ЭЛАСТАН', 1, 2, 2, 0, '7637.00', 1, 1, 1, 2, 1);
INSERT INTO `goods` (`id`, `articule`, `modelcode`, `colour`, `size`, `firstsize`, `gender`, `brand`, `itemgroup`, `name`, `consist`, `provider`, `manufacturer`, `contry`, `imagecount`, `price`, `sale`, `count`, `adddate`, `season`, `description`) VALUES
(344, 'KB0KB05860*0GY*10', 'KB0KB05860', 24, 3, 375, 1, 2, 2, 'Футболка с коротким рукавом', '100% Органический хлопок', 1, 2, 5, 0, '5091.00', 1, 1, 1, 2, 1),
(345, 'KG0KG05269*C87*8', 'KG0KG05269', 26, 2, 0, 2, 2, 3, 'Куртка пальто', '67% хлопок, 33% полиамид', 1, 2, 1, 0, '10000.00', 1, 1, 1, 2, 1),
(346, 'KB0KB05783*1BJ*16', 'KB0KB05783', 29, 6, 522, 1, 2, 2, 'Джинсы слимы', '74% Хлопок, 25% Полиэстер, 1% Эластан', 1, 2, 5, 0, '7637.00', 1, 1, 1, 2, 1),
(347, 'KB0KB05810*YBR*16', 'KB0KB05810', 25, 6, 378, 1, 2, 2, 'Толстовка на молнии', '100% Органический хлопок', 1, 2, 3, 0, '10000.00', 1, 1, 1, 2, 1),
(348, 'KG0KG05332*YBR*10', 'KG0KG05332', 25, 3, 401, 2, 2, 2, 'Футболка с коротким рукавом', '50% ОРГАНИЧЕСКИЙ ХЛОПОК, 47% ПОЛИЭСТЕР, 3% ПОЛИАМИД', 1, 2, 3, 0, '4455.00', 1, 1, 1, 2, 1),
(349, 'KG0KG05251*XNL*8', 'KG0KG05251', 27, 2, 0, 2, 2, 2, 'Футболка с коротким рукавом', '100% Органический хлопок', 1, 2, 5, 0, '5091.00', 1, 1, 1, 2, 1),
(350, 'KB0KB05833*XNL*14', 'KB0KB05833', 27, 5, 402, 1, 2, 2, 'Поло с коротким рукавом', '100% Органический хлопок', 1, 2, 2, 0, '7637.00', 1, 1, 1, 2, 1),
(351, 'KG0KG05198*1A6*10', 'KG0KG05198', 30, 3, 377, 2, 2, 2, 'Джинсы прямые', '98% хлопок, 2% эластан', 1, 2, 7, 0, '8909.00', 1, 1, 1, 2, 1),
(352, 'KS0KS00129*YBR*16', 'KS0KS00129', 25, 6, 535, 3, 2, 3, 'Куртка бомбер', '100% полиэстер', 1, 2, 1, 0, '10000.00', 1, 1, 1, 2, 1),
(353, 'KB0KB05850*YBR*8', 'KB0KB05850', 25, 2, 0, 1, 2, 2, 'Футболка с длинным рукавом', '100% хлопок', 1, 2, 5, 0, '5727.00', 1, 1, 1, 2, 1),
(354, 'KG0KG05251*C87*14', 'KG0KG05251', 26, 5, 491, 2, 2, 2, 'Футболка с коротким рукавом', '100% Органический хлопок', 1, 2, 5, 0, '5091.00', 1, 1, 1, 2, 1),
(355, 'KB0KB05786*1BK*8', 'KB0KB05786', 16, 2, 0, 1, 2, 2, 'Джинсы слимы', '79% Хлопок, 20% Переработанный хлопок, 1% Эластан', 1, 2, 7, 0, '8909.00', 1, 1, 1, 2, 1),
(356, 'KB0KB05848*C4X*16', 'KB0KB05848', 31, 6, 382, 1, 2, 2, 'Футболка с коротким рукавом', '100% Органический хлопок', 1, 2, 5, 0, '4455.00', 1, 1, 1, 2, 1),
(357, 'KB0KB05853*YBR*10', 'KB0KB05853', 25, 3, 469, 1, 2, 2, 'Футболка с коротким рукавом', '100% Органический хлопок', 1, 2, 3, 0, '5727.00', 1, 1, 1, 2, 1),
(358, 'KG0KG05263*C87*8', 'KG0KG05263', 26, 2, 0, 2, 2, 3, 'Куртка бомбер', '100% полиамид', 1, 2, 1, 0, '10000.00', 1, 1, 1, 2, 1),
(359, 'KB0KB05850*YBR*12', 'KB0KB05850', 25, 4, 353, 1, 2, 2, 'Футболка с длинным рукавом', '100% хлопок', 1, 2, 5, 0, '5727.00', 1, 1, 1, 2, 1),
(360, 'KG0KG05219*XNL*12', 'KG0KG05219', 27, 4, 342, 2, 2, 2, 'Толстовка c капюшоном', '90% органический хлопок, 10% полиэстер', 1, 2, 2, 0, '10000.00', 1, 1, 1, 2, 1),
(361, 'KG0KG05326*C87*12', 'KG0KG05326', 26, 4, 542, 2, 2, 3, 'Куртка пальто', '65% ПОЛИЭСТЕР, 35% ПЕРЕРАБОТАННЫЙ ПОЛИЭСТЕР', 1, 2, 1, 0, '10000.00', 1, 1, 1, 2, 1),
(362, 'KB0KB05783*1BJ*12', 'KB0KB05783', 29, 4, 522, 1, 2, 2, 'Джинсы слимы', '74% Хлопок, 25% Полиэстер, 1% Эластан', 1, 2, 5, 0, '7637.00', 1, 1, 1, 2, 1),
(363, 'KG0KG05199*1BJ*16', 'KG0KG05199', 29, 6, 509, 2, 2, 2, 'Джинсы клеш', '79% Хлопок, 20% Переработанный хлопок, 1% Эластан', 1, 2, 7, 0, '10000.00', 1, 1, 1, 2, 1),
(364, 'KB0KB05907*YBR*16', 'KB0KB05907', 25, 6, 507, 1, 2, 2, 'Поло с коротким рукавом', '100% Органический хлопок', 1, 2, 5, 0, '7637.00', 1, 1, 1, 2, 1),
(365, 'KB0KB05911*C87*12', 'KB0KB05911', 26, 4, 455, 1, 2, 2, 'Брюки', '97% хлопок, 3% эластан', 1, 2, 6, 0, '8909.00', 1, 1, 1, 2, 1),
(366, 'KB0KB05885*C87*16', 'KB0KB05885', 26, 6, 398, 1, 2, 3, 'Куртка бомбер', '67% хлопок, 33% полиамид', 1, 2, 1, 0, '10000.00', 1, 1, 1, 2, 1),
(367, 'KG0KG05262*C87*10', 'KG0KG05262', 26, 3, 341, 2, 2, 3, 'Куртка ветровка', '100% полиэстер', 1, 2, 1, 0, '10000.00', 1, 1, 1, 2, 1),
(368, 'KS0KS00129*L57*10', 'KS0KS00129', 32, 3, 418, 3, 2, 3, 'Куртка бомбер', '100% полиэстер', 1, 2, 1, 0, '10000.00', 1, 1, 1, 2, 1),
(369, 'KG0KG05251*XNL*16', 'KG0KG05251', 27, 6, 349, 2, 2, 2, 'Футболка с коротким рукавом', '100% Органический хлопок', 1, 2, 5, 0, '5091.00', 1, 1, 1, 2, 1),
(370, 'KB0KB05844*ZIO*10', 'KB0KB05844', 33, 3, 424, 1, 2, 2, 'Футболка с коротким рукавом', '100% Органический хлопок', 1, 2, 5, 0, '3182.00', 1, 1, 1, 2, 1),
(371, 'KB0KB05805*C87*12', 'KB0KB05805', 26, 4, 474, 1, 2, 2, 'Толстовка-свитшот', '70% ОРГАНИЧЕСКИЙ ХЛОПОК, 30% ПОЛИЭСТЕР', 1, 2, 2, 0, '9546.00', 1, 1, 1, 2, 1),
(372, 'KG0KG05265*XNL*10', 'KG0KG05265', 27, 3, 428, 2, 2, 3, 'Куртка пуховая', '100% полиамид', 1, 2, 1, 0, '10000.00', 1, 1, 1, 2, 1),
(373, 'KB0KB05860*0GY*14', 'KB0KB05860', 24, 5, 375, 1, 2, 2, 'Футболка с коротким рукавом', '100% Органический хлопок', 1, 2, 5, 0, '5091.00', 1, 1, 1, 2, 1),
(374, 'KG0KG05265*PE6*16', 'KG0KG05265', 34, 6, 442, 2, 2, 3, 'Куртка пуховая', '100% полиамид', 1, 2, 1, 0, '10000.00', 1, 1, 1, 2, 1),
(375, 'KB0KB05860*0GY*8', 'KB0KB05860', 24, 2, 0, 1, 2, 2, 'Футболка с коротким рукавом', '100% Органический хлопок', 1, 2, 5, 0, '5091.00', 1, 1, 1, 2, 1),
(376, 'KB0KB05784*1A4*16', 'KB0KB05784', 17, 6, 495, 1, 2, 2, 'Джинсы прямые', '74% Хлопок, 25% Полиэстер, 1% Эластан', 1, 2, 5, 0, '7637.00', 1, 1, 1, 2, 1),
(377, 'KG0KG05198*1A6*8', 'KG0KG05198', 30, 2, 0, 2, 2, 2, 'Джинсы прямые', '98% хлопок, 2% эластан', 1, 2, 7, 0, '8909.00', 1, 1, 1, 2, 1),
(378, 'KB0KB05810*YBR*8', 'KB0KB05810', 25, 2, 0, 1, 2, 2, 'Толстовка на молнии', '100% Органический хлопок', 1, 2, 3, 0, '10000.00', 1, 1, 1, 2, 1),
(379, 'KB0KB05786*1BK*16', 'KB0KB05786', 16, 6, 355, 1, 2, 2, 'Джинсы слимы', '79% Хлопок, 20% Переработанный хлопок, 1% Эластан', 1, 2, 7, 0, '8909.00', 1, 1, 1, 2, 1),
(380, 'KG0KG05265*XNL*16', 'KG0KG05265', 27, 6, 428, 2, 2, 3, 'Куртка пуховая', '100% полиамид', 1, 2, 1, 0, '10000.00', 1, 1, 1, 2, 1),
(381, 'KB0KB05884*L57*14', 'KB0KB05884', 32, 5, 436, 1, 2, 3, 'Куртка пуховая', '100% полиамид', 1, 2, 1, 0, '10000.00', 1, 1, 1, 2, 1),
(382, 'KB0KB05848*C4X*8', 'KB0KB05848', 31, 2, 0, 1, 2, 2, 'Футболка с коротким рукавом', '100% Органический хлопок', 1, 2, 5, 0, '4455.00', 1, 1, 1, 2, 1),
(383, 'KG0KG05198*1A6*14', 'KG0KG05198', 30, 5, 377, 2, 2, 2, 'Джинсы прямые', '98% хлопок, 2% эластан', 1, 2, 7, 0, '8909.00', 1, 1, 1, 2, 1),
(384, 'KG0KG05263*C87*12', 'KG0KG05263', 26, 4, 358, 2, 2, 3, 'Куртка бомбер', '100% полиамид', 1, 2, 1, 0, '10000.00', 1, 1, 1, 2, 1),
(385, 'KB0KB05853*XNL*8', 'KB0KB05853', 27, 2, 0, 1, 2, 2, 'Футболка с коротким рукавом', '100% Органический хлопок', 1, 2, 3, 0, '5727.00', 1, 1, 1, 2, 1),
(386, 'KB0KB05844*ZIO*16', 'KB0KB05844', 33, 6, 424, 1, 2, 2, 'Футболка с коротким рукавом', '100% Органический хлопок', 1, 2, 5, 0, '3182.00', 1, 1, 1, 2, 1),
(387, 'KB0KB05854*C4X*12', 'KB0KB05854', 31, 4, 394, 1, 2, 2, 'Футболка с коротким рукавом', '100% хлопок', 1, 2, 5, 0, '5091.00', 1, 1, 1, 2, 1),
(388, 'KG0KG05269*C87*16', 'KG0KG05269', 26, 6, 345, 2, 2, 3, 'Куртка пальто', '67% хлопок, 33% полиамид', 1, 2, 1, 0, '10000.00', 1, 1, 1, 2, 1),
(389, 'KB0KB05911*C87*16', 'KB0KB05911', 26, 6, 455, 1, 2, 2, 'Брюки', '97% хлопок, 3% эластан', 1, 2, 6, 0, '8909.00', 1, 1, 1, 2, 1),
(390, 'KB0KB05814*C87*16', 'KB0KB05814', 26, 6, 516, 1, 2, 2, 'Свитер', '100% хлопок', 1, 2, 1, 0, '10000.00', 1, 1, 1, 2, 1),
(391, 'KB0KB05796*L3V*10', 'KB0KB05796', 35, 3, 427, 1, 2, 2, 'Толстовка c капюшоном', '65% ОРГАНИЧЕСКИЙ ХЛОПОК, 30% ПОЛИЭСТЕР, 5% ЭЛАСТАН', 1, 2, 2, 0, '8273.00', 1, 1, 1, 2, 1),
(392, 'KG0KG05192*1BJ*16', 'KG0KG05192', 29, 6, 485, 2, 2, 2, 'Джинсы скини', '74% Хлопок, 25% Полиэстер, 1% Эластан', 1, 2, 5, 0, '7637.00', 1, 1, 1, 2, 1),
(393, 'KG0KG05263*C87*10', 'KG0KG05263', 26, 3, 358, 2, 2, 3, 'Куртка бомбер', '100% полиамид', 1, 2, 1, 0, '10000.00', 1, 1, 1, 2, 1),
(394, 'KB0KB05854*C4X*8', 'KB0KB05854', 31, 2, 0, 1, 2, 2, 'Футболка с коротким рукавом', '100% хлопок', 1, 2, 5, 0, '5091.00', 1, 1, 1, 2, 1),
(395, 'KB0KB05864*P6U*12', 'KB0KB05864', 28, 4, 475, 1, 2, 2, 'Брюки спортивные', '65% ОРГАНИЧЕСКИЙ ХЛОПОК, 30% ПОЛИЭСТЕР, 5% ЭЛАСТАН', 1, 2, 2, 0, '7637.00', 1, 1, 1, 2, 1),
(396, 'KB0KB05883*XNL*10', 'KB0KB05883', 27, 3, 494, 1, 2, 3, 'Куртка пуховая', '100% полиэстер', 1, 2, 1, 0, '10000.00', 1, 1, 1, 2, 1),
(397, 'KS0KS00129*YBR*10', 'KS0KS00129', 25, 3, 535, 3, 2, 3, 'Куртка бомбер', '100% полиэстер', 1, 2, 1, 0, '10000.00', 1, 1, 1, 2, 1),
(398, 'KB0KB05885*C87*8', 'KB0KB05885', 26, 2, 0, 1, 2, 3, 'Куртка бомбер', '67% хлопок, 33% полиамид', 1, 2, 1, 0, '10000.00', 1, 1, 1, 2, 1),
(399, 'KB0KB05850*YBR*14', 'KB0KB05850', 25, 5, 353, 1, 2, 2, 'Футболка с длинным рукавом', '100% хлопок', 1, 2, 5, 0, '5727.00', 1, 1, 1, 2, 1),
(400, 'KB0KB05885*C87*14', 'KB0KB05885', 26, 5, 398, 1, 2, 3, 'Куртка бомбер', '67% хлопок, 33% полиамид', 1, 2, 1, 0, '10000.00', 1, 1, 1, 2, 1),
(401, 'KG0KG05332*YBR*8', 'KG0KG05332', 25, 2, 0, 2, 2, 2, 'Футболка с коротким рукавом', '50% ОРГАНИЧЕСКИЙ ХЛОПОК, 47% ПОЛИЭСТЕР, 3% ПОЛИАМИД', 1, 2, 3, 0, '4455.00', 1, 1, 1, 2, 1),
(402, 'KB0KB05833*XNL*8', 'KB0KB05833', 27, 2, 0, 1, 2, 2, 'Поло с коротким рукавом', '100% Органический хлопок', 1, 2, 2, 0, '7637.00', 1, 1, 1, 2, 1),
(403, 'KB0KB05805*C87*14', 'KB0KB05805', 26, 5, 474, 1, 2, 2, 'Толстовка-свитшот', '70% ОРГАНИЧЕСКИЙ ХЛОПОК, 30% ПОЛИЭСТЕР', 1, 2, 2, 0, '9546.00', 1, 1, 1, 2, 1),
(404, 'KG0KG05315*1BJ*10', 'KG0KG05315', 29, 3, 472, 2, 2, 2, 'Юбка', '74% Хлопок, 25% Полиэстер, 1% Эластан', 1, 2, 5, 0, '7637.00', 1, 1, 1, 2, 1),
(405, 'KG0KG05315*1BJ*16', 'KG0KG05315', 29, 6, 472, 2, 2, 2, 'Юбка', '74% Хлопок, 25% Полиэстер, 1% Эластан', 1, 2, 5, 0, '7637.00', 1, 1, 1, 2, 1),
(406, 'KG0KG05198*1A6*12', 'KG0KG05198', 30, 4, 377, 2, 2, 2, 'Джинсы прямые', '98% хлопок, 2% эластан', 1, 2, 7, 0, '8909.00', 1, 1, 1, 2, 1),
(407, 'KG0KG05198*1A6*16', 'KG0KG05198', 30, 6, 377, 2, 2, 2, 'Джинсы прямые', '98% хлопок, 2% эластан', 1, 2, 7, 0, '8909.00', 1, 1, 1, 2, 1),
(408, 'KB0KB05803*YBR*14', 'KB0KB05803', 25, 5, 476, 1, 2, 2, 'Толстовка-свитшот', '70% ОРГАНИЧЕСКИЙ ХЛОПОК, 30% ПОЛИЭСТЕР', 1, 2, 2, 0, '8909.00', 1, 1, 1, 2, 1),
(409, 'KB0KB05825*C4X*8', 'KB0KB05825', 31, 2, 0, 1, 2, 2, 'Рубашка с длинным рукавом', '100% хлопок', 1, 2, 2, 0, '10000.00', 1, 1, 1, 2, 1),
(410, 'KS0KS00129*L57*12', 'KS0KS00129', 32, 4, 418, 3, 2, 3, 'Куртка бомбер', '100% полиэстер', 1, 2, 1, 0, '10000.00', 1, 1, 1, 2, 1),
(411, 'KB0KB05884*L57*16', 'KB0KB05884', 32, 6, 436, 1, 2, 3, 'Куртка пуховая', '100% полиамид', 1, 2, 1, 0, '10000.00', 1, 1, 1, 2, 1),
(412, 'KG0KG05263*C87*14', 'KG0KG05263', 26, 5, 358, 2, 2, 3, 'Куртка бомбер', '100% полиамид', 1, 2, 1, 0, '10000.00', 1, 1, 1, 2, 1),
(413, 'KS0KS00129*L57*14', 'KS0KS00129', 32, 5, 418, 3, 2, 3, 'Куртка бомбер', '100% полиэстер', 1, 2, 1, 0, '10000.00', 1, 1, 1, 2, 1),
(414, 'KB0KB05784*1A4*14', 'KB0KB05784', 17, 5, 495, 1, 2, 2, 'Джинсы прямые', '74% Хлопок, 25% Полиэстер, 1% Эластан', 1, 2, 5, 0, '7637.00', 1, 1, 1, 2, 1),
(415, 'KG0KG05265*XNL*14', 'KG0KG05265', 27, 5, 428, 2, 2, 3, 'Куртка пуховая', '100% полиамид', 1, 2, 1, 0, '10000.00', 1, 1, 1, 2, 1),
(416, 'KB0KB05848*XNL*10', 'KB0KB05848', 27, 3, 523, 1, 2, 2, 'Футболка с коротким рукавом', '100% Органический хлопок', 1, 2, 5, 0, '4455.00', 1, 1, 1, 2, 1),
(417, 'KB0KB05814*C87*10', 'KB0KB05814', 26, 3, 516, 1, 2, 2, 'Свитер', '100% хлопок', 1, 2, 1, 0, '10000.00', 1, 1, 1, 2, 1),
(418, 'KS0KS00129*L57*8', 'KS0KS00129', 32, 2, 0, 3, 2, 3, 'Куртка бомбер', '100% полиэстер', 1, 2, 1, 0, '10000.00', 1, 1, 1, 2, 1),
(419, 'KB0KB05810*YBR*12', 'KB0KB05810', 25, 4, 378, 1, 2, 2, 'Толстовка на молнии', '100% Органический хлопок', 1, 2, 3, 0, '10000.00', 1, 1, 1, 2, 1),
(420, 'KB0KB05853*YBR*16', 'KB0KB05853', 25, 6, 469, 1, 2, 2, 'Футболка с коротким рукавом', '100% Органический хлопок', 1, 2, 3, 0, '5727.00', 1, 1, 1, 2, 1),
(421, 'KB0KB05864*P6U*10', 'KB0KB05864', 28, 3, 475, 1, 2, 2, 'Брюки спортивные', '65% ОРГАНИЧЕСКИЙ ХЛОПОК, 30% ПОЛИЭСТЕР, 5% ЭЛАСТАН', 1, 2, 2, 0, '7637.00', 1, 1, 1, 2, 1),
(422, 'KG0KG05192*1BJ*14', 'KG0KG05192', 29, 5, 485, 2, 2, 2, 'Джинсы скини', '74% Хлопок, 25% Полиэстер, 1% Эластан', 1, 2, 5, 0, '7637.00', 1, 1, 1, 2, 1),
(423, 'KG0KG05262*C87*12', 'KG0KG05262', 26, 4, 341, 2, 2, 3, 'Куртка ветровка', '100% полиэстер', 1, 2, 1, 0, '10000.00', 1, 1, 1, 2, 1),
(424, 'KB0KB05844*ZIO*8', 'KB0KB05844', 33, 2, 0, 1, 2, 2, 'Футболка с коротким рукавом', '100% Органический хлопок', 1, 2, 5, 0, '3182.00', 1, 1, 1, 2, 1),
(425, 'KB0KB05853*YBR*12', 'KB0KB05853', 25, 4, 469, 1, 2, 2, 'Футболка с коротким рукавом', '100% Органический хлопок', 1, 2, 3, 0, '5727.00', 1, 1, 1, 2, 1),
(426, 'KG0KG05219*XNL*16', 'KG0KG05219', 27, 6, 342, 2, 2, 2, 'Толстовка c капюшоном', '90% органический хлопок, 10% полиэстер', 1, 2, 2, 0, '10000.00', 1, 1, 1, 2, 1),
(427, 'KB0KB05796*L3V*8', 'KB0KB05796', 35, 2, 0, 1, 2, 2, 'Толстовка c капюшоном', '65% ОРГАНИЧЕСКИЙ ХЛОПОК, 30% ПОЛИЭСТЕР, 5% ЭЛАСТАН', 1, 2, 2, 0, '8273.00', 1, 1, 1, 2, 1),
(428, 'KG0KG05265*XNL*8', 'KG0KG05265', 27, 2, 0, 2, 2, 3, 'Куртка пуховая', '100% полиамид', 1, 2, 1, 0, '10000.00', 1, 1, 1, 2, 1),
(429, 'KB0KB05883*XNL*14', 'KB0KB05883', 27, 5, 494, 1, 2, 3, 'Куртка пуховая', '100% полиэстер', 1, 2, 1, 0, '10000.00', 1, 1, 1, 2, 1),
(430, 'KG0KG05199*1BJ*12', 'KG0KG05199', 29, 4, 509, 2, 2, 2, 'Джинсы клеш', '79% Хлопок, 20% Переработанный хлопок, 1% Эластан', 1, 2, 7, 0, '10000.00', 1, 1, 1, 2, 1),
(431, 'KB0KB05907*YBR*12', 'KB0KB05907', 25, 4, 507, 1, 2, 2, 'Поло с коротким рукавом', '100% Органический хлопок', 1, 2, 5, 0, '7637.00', 1, 1, 1, 2, 1),
(432, 'KB0KB05783*1BJ*14', 'KB0KB05783', 29, 5, 522, 1, 2, 2, 'Джинсы слимы', '74% Хлопок, 25% Полиэстер, 1% Эластан', 1, 2, 5, 0, '7637.00', 1, 1, 1, 2, 1),
(433, 'KB0KB05810*YBR*14', 'KB0KB05810', 25, 5, 378, 1, 2, 2, 'Толстовка на молнии', '100% Органический хлопок', 1, 2, 3, 0, '10000.00', 1, 1, 1, 2, 1),
(434, 'KB0KB05825*C4X*12', 'KB0KB05825', 31, 4, 409, 1, 2, 2, 'Рубашка с длинным рукавом', '100% хлопок', 1, 2, 2, 0, '10000.00', 1, 1, 1, 2, 1),
(435, 'KB0KB05844*ZIO*14', 'KB0KB05844', 33, 5, 424, 1, 2, 2, 'Футболка с коротким рукавом', '100% Органический хлопок', 1, 2, 5, 0, '3182.00', 1, 1, 1, 2, 1),
(436, 'KB0KB05884*L57*8', 'KB0KB05884', 32, 2, 0, 1, 2, 3, 'Куртка пуховая', '100% полиамид', 1, 2, 1, 0, '10000.00', 1, 1, 1, 2, 1),
(437, 'KB0KB05833*XNL*12', 'KB0KB05833', 27, 4, 402, 1, 2, 2, 'Поло с коротким рукавом', '100% Органический хлопок', 1, 2, 2, 0, '7637.00', 1, 1, 1, 2, 1),
(438, 'KG0KG05251*XNL*12', 'KG0KG05251', 27, 4, 349, 2, 2, 2, 'Футболка с коротким рукавом', '100% Органический хлопок', 1, 2, 5, 0, '5091.00', 1, 1, 1, 2, 1),
(439, 'KB0KB05854*C4X*16', 'KB0KB05854', 31, 6, 394, 1, 2, 2, 'Футболка с коротким рукавом', '100% хлопок', 1, 2, 5, 0, '5091.00', 1, 1, 1, 2, 1),
(440, 'KG0KG05269*C87*12', 'KG0KG05269', 26, 4, 345, 2, 2, 3, 'Куртка пальто', '67% хлопок, 33% полиамид', 1, 2, 1, 0, '10000.00', 1, 1, 1, 2, 1),
(441, 'KB0KB05784*1A4*10', 'KB0KB05784', 17, 3, 495, 1, 2, 2, 'Джинсы прямые', '74% Хлопок, 25% Полиэстер, 1% Эластан', 1, 2, 5, 0, '7637.00', 1, 1, 1, 2, 1),
(442, 'KG0KG05265*PE6*8', 'KG0KG05265', 34, 2, 0, 2, 2, 3, 'Куртка пуховая', '100% полиамид', 1, 2, 1, 0, '10000.00', 1, 1, 1, 2, 1),
(443, 'KG0KG05332*YBR*16', 'KG0KG05332', 25, 6, 401, 2, 2, 2, 'Футболка с коротким рукавом', '50% ОРГАНИЧЕСКИЙ ХЛОПОК, 47% ПОЛИЭСТЕР, 3% ПОЛИАМИД', 1, 2, 3, 0, '4455.00', 1, 1, 1, 2, 1),
(444, 'KB0KB05848*XNL*12', 'KB0KB05848', 27, 4, 523, 1, 2, 2, 'Футболка с коротким рукавом', '100% Органический хлопок', 1, 2, 5, 0, '4455.00', 1, 1, 1, 2, 1),
(445, 'KB0KB05864*C87*8', 'KB0KB05864', 26, 2, 0, 1, 2, 2, 'Брюки спортивные', '65% ОРГАНИЧЕСКИЙ ХЛОПОК, 30% ПОЛИЭСТЕР, 5% ЭЛАСТАН', 1, 2, 2, 0, '7637.00', 1, 1, 1, 2, 1),
(446, 'KB0KB05786*1BK*12', 'KB0KB05786', 16, 4, 355, 1, 2, 2, 'Джинсы слимы', '79% Хлопок, 20% Переработанный хлопок, 1% Эластан', 1, 2, 7, 0, '8909.00', 1, 1, 1, 2, 1),
(447, 'KG0KG05251*C87*12', 'KG0KG05251', 26, 4, 491, 2, 2, 2, 'Футболка с коротким рукавом', '100% Органический хлопок', 1, 2, 5, 0, '5091.00', 1, 1, 1, 2, 1),
(448, 'KB0KB05848*C4X*10', 'KB0KB05848', 31, 3, 382, 1, 2, 2, 'Футболка с коротким рукавом', '100% Органический хлопок', 1, 2, 5, 0, '4455.00', 1, 1, 1, 2, 1),
(449, 'KB0KB05853*XNL*14', 'KB0KB05853', 27, 5, 385, 1, 2, 2, 'Футболка с коротким рукавом', '100% Органический хлопок', 1, 2, 3, 0, '5727.00', 1, 1, 1, 2, 1),
(450, 'KG0KG05282*C87*14', 'KG0KG05282', 26, 5, 541, 2, 2, 2, 'Платье', '95% органический хлопок, 5% эластан', 1, 2, 1, 0, '10000.00', 1, 1, 1, 2, 1),
(451, 'KB0KB05883*XNL*16', 'KB0KB05883', 27, 6, 494, 1, 2, 3, 'Куртка пуховая', '100% полиэстер', 1, 2, 1, 0, '10000.00', 1, 1, 1, 2, 1),
(452, 'KB0KB05883*XNL*12', 'KB0KB05883', 27, 4, 494, 1, 2, 3, 'Куртка пуховая', '100% полиэстер', 1, 2, 1, 0, '10000.00', 1, 1, 1, 2, 1),
(453, 'KB0KB05885*C87*10', 'KB0KB05885', 26, 3, 398, 1, 2, 3, 'Куртка бомбер', '67% хлопок, 33% полиамид', 1, 2, 1, 0, '10000.00', 1, 1, 1, 2, 1),
(454, 'KB0KB05883*C4X*14', 'KB0KB05883', 31, 5, 512, 1, 2, 3, 'Куртка пуховая', '100% полиэстер', 1, 2, 1, 0, '10000.00', 1, 1, 1, 2, 1),
(455, 'KB0KB05911*C87*8', 'KB0KB05911', 26, 2, 0, 1, 2, 2, 'Брюки', '97% хлопок, 3% эластан', 1, 2, 6, 0, '8909.00', 1, 1, 1, 2, 1),
(456, 'KB0KB05796*L3V*16', 'KB0KB05796', 35, 6, 427, 1, 2, 2, 'Толстовка c капюшоном', '65% ОРГАНИЧЕСКИЙ ХЛОПОК, 30% ПОЛИЭСТЕР, 5% ЭЛАСТАН', 1, 2, 2, 0, '8273.00', 1, 1, 1, 2, 1),
(457, 'KB0KB05803*YBR*10', 'KB0KB05803', 25, 3, 476, 1, 2, 2, 'Толстовка-свитшот', '70% ОРГАНИЧЕСКИЙ ХЛОПОК, 30% ПОЛИЭСТЕР', 1, 2, 2, 0, '8909.00', 1, 1, 1, 2, 1),
(458, 'KG0KG05332*YBR*14', 'KG0KG05332', 25, 5, 401, 2, 2, 2, 'Футболка с коротким рукавом', '50% ОРГАНИЧЕСКИЙ ХЛОПОК, 47% ПОЛИЭСТЕР, 3% ПОЛИАМИД', 1, 2, 3, 0, '4455.00', 1, 1, 1, 2, 1),
(459, 'KG0KG05251*XNL*14', 'KG0KG05251', 27, 5, 349, 2, 2, 2, 'Футболка с коротким рукавом', '100% Органический хлопок', 1, 2, 5, 0, '5091.00', 1, 1, 1, 2, 1),
(460, 'KB0KB05844*ZIO*12', 'KB0KB05844', 33, 4, 424, 1, 2, 2, 'Футболка с коротким рукавом', '100% Органический хлопок', 1, 2, 5, 0, '3182.00', 1, 1, 1, 2, 1),
(461, 'KG0KG05199*1BJ*14', 'KG0KG05199', 29, 5, 509, 2, 2, 2, 'Джинсы клеш', '79% Хлопок, 20% Переработанный хлопок, 1% Эластан', 1, 2, 7, 0, '10000.00', 1, 1, 1, 2, 1),
(462, 'KG0KG05265*XNL*12', 'KG0KG05265', 27, 4, 428, 2, 2, 3, 'Куртка пуховая', '100% полиамид', 1, 2, 1, 0, '10000.00', 1, 1, 1, 2, 1),
(463, 'KB0KB05803*YBR*16', 'KB0KB05803', 25, 6, 476, 1, 2, 2, 'Толстовка-свитшот', '70% ОРГАНИЧЕСКИЙ ХЛОПОК, 30% ПОЛИЭСТЕР', 1, 2, 2, 0, '8909.00', 1, 1, 1, 2, 1),
(464, 'KB0KB05864*C87*14', 'KB0KB05864', 26, 5, 445, 1, 2, 2, 'Брюки спортивные', '65% ОРГАНИЧЕСКИЙ ХЛОПОК, 30% ПОЛИЭСТЕР, 5% ЭЛАСТАН', 1, 2, 2, 0, '7637.00', 1, 1, 1, 2, 1),
(465, 'KB0KB05884*L57*12', 'KB0KB05884', 32, 4, 436, 1, 2, 3, 'Куртка пуховая', '100% полиамид', 1, 2, 1, 0, '10000.00', 1, 1, 1, 2, 1),
(466, 'KS0KS00129*L57*16', 'KS0KS00129', 32, 6, 418, 3, 2, 3, 'Куртка бомбер', '100% полиэстер', 1, 2, 1, 0, '10000.00', 1, 1, 1, 2, 1),
(467, 'KB0KB05860*0GY*16', 'KB0KB05860', 24, 6, 375, 1, 2, 2, 'Футболка с коротким рукавом', '100% Органический хлопок', 1, 2, 5, 0, '5091.00', 1, 1, 1, 2, 1),
(468, 'KS0KS00129*YBR*12', 'KS0KS00129', 25, 4, 535, 3, 2, 3, 'Куртка бомбер', '100% полиэстер', 1, 2, 1, 0, '10000.00', 1, 1, 1, 2, 1),
(469, 'KB0KB05853*YBR*8', 'KB0KB05853', 25, 2, 0, 1, 2, 2, 'Футболка с коротким рукавом', '100% Органический хлопок', 1, 2, 3, 0, '5727.00', 1, 1, 1, 2, 1),
(470, 'KG0KG05265*PE6*12', 'KG0KG05265', 34, 4, 442, 2, 2, 3, 'Куртка пуховая', '100% полиамид', 1, 2, 1, 0, '10000.00', 1, 1, 1, 2, 1),
(471, 'KB0KB05848*XNL*14', 'KB0KB05848', 27, 5, 523, 1, 2, 2, 'Футболка с коротким рукавом', '100% Органический хлопок', 1, 2, 5, 0, '4455.00', 1, 1, 1, 2, 1),
(472, 'KG0KG05315*1BJ*8', 'KG0KG05315', 29, 2, 0, 2, 2, 2, 'Юбка', '74% Хлопок, 25% Полиэстер, 1% Эластан', 1, 2, 5, 0, '7637.00', 1, 1, 1, 2, 1),
(473, 'KB0KB05883*C4X*10', 'KB0KB05883', 31, 3, 512, 1, 2, 3, 'Куртка пуховая', '100% полиэстер', 1, 2, 1, 0, '10000.00', 1, 1, 1, 2, 1),
(474, 'KB0KB05805*C87*8', 'KB0KB05805', 26, 2, 0, 1, 2, 2, 'Толстовка-свитшот', '70% ОРГАНИЧЕСКИЙ ХЛОПОК, 30% ПОЛИЭСТЕР', 1, 2, 2, 0, '9546.00', 1, 1, 1, 2, 1),
(475, 'KB0KB05864*P6U*8', 'KB0KB05864', 28, 2, 0, 1, 2, 2, 'Брюки спортивные', '65% ОРГАНИЧЕСКИЙ ХЛОПОК, 30% ПОЛИЭСТЕР, 5% ЭЛАСТАН', 1, 2, 2, 0, '7637.00', 1, 1, 1, 2, 1),
(476, 'KB0KB05803*YBR*8', 'KB0KB05803', 25, 2, 0, 1, 2, 2, 'Толстовка-свитшот', '70% ОРГАНИЧЕСКИЙ ХЛОПОК, 30% ПОЛИЭСТЕР', 1, 2, 2, 0, '8909.00', 1, 1, 1, 2, 1),
(477, 'KB0KB05796*L3V*14', 'KB0KB05796', 35, 5, 427, 1, 2, 2, 'Толстовка c капюшоном', '65% ОРГАНИЧЕСКИЙ ХЛОПОК, 30% ПОЛИЭСТЕР, 5% ЭЛАСТАН', 1, 2, 2, 0, '8273.00', 1, 1, 1, 2, 1),
(478, 'KG0KG05262*C87*16', 'KG0KG05262', 26, 6, 341, 2, 2, 3, 'Куртка ветровка', '100% полиэстер', 1, 2, 1, 0, '10000.00', 1, 1, 1, 2, 1),
(479, 'KB0KB05911*C87*14', 'KB0KB05911', 26, 5, 455, 1, 2, 2, 'Брюки', '97% хлопок, 3% эластан', 1, 2, 6, 0, '8909.00', 1, 1, 1, 2, 1),
(480, 'KS0KS00129*YBR*14', 'KS0KS00129', 25, 5, 535, 3, 2, 3, 'Куртка бомбер', '100% полиэстер', 1, 2, 1, 0, '10000.00', 1, 1, 1, 2, 1),
(481, 'KB0KB05803*YBR*12', 'KB0KB05803', 25, 4, 476, 1, 2, 2, 'Толстовка-свитшот', '70% ОРГАНИЧЕСКИЙ ХЛОПОК, 30% ПОЛИЭСТЕР', 1, 2, 2, 0, '8909.00', 1, 1, 1, 2, 1),
(482, 'KG0KG05326*C87*16', 'KG0KG05326', 26, 6, 542, 2, 2, 3, 'Куртка пальто', '65% ПОЛИЭСТЕР, 35% ПЕРЕРАБОТАННЫЙ ПОЛИЭСТЕР', 1, 2, 1, 0, '10000.00', 1, 1, 1, 2, 1),
(483, 'KG0KG05282*C87*16', 'KG0KG05282', 26, 6, 541, 2, 2, 2, 'Платье', '95% органический хлопок, 5% эластан', 1, 2, 1, 0, '10000.00', 1, 1, 1, 2, 1),
(484, 'KB0KB05825*C4X*16', 'KB0KB05825', 31, 6, 409, 1, 2, 2, 'Рубашка с длинным рукавом', '100% хлопок', 1, 2, 2, 0, '10000.00', 1, 1, 1, 2, 1),
(485, 'KG0KG05192*1BJ*10', 'KG0KG05192', 29, 3, 0, 2, 2, 2, 'Джинсы скини', '74% Хлопок, 25% Полиэстер, 1% Эластан', 1, 2, 5, 0, '7637.00', 1, 1, 1, 2, 1),
(486, 'KB0KB05784*1A4*12', 'KB0KB05784', 17, 4, 495, 1, 2, 2, 'Джинсы прямые', '74% Хлопок, 25% Полиэстер, 1% Эластан', 1, 2, 5, 0, '7637.00', 1, 1, 1, 2, 1),
(487, 'KG0KG05251*XNL*10', 'KG0KG05251', 27, 3, 349, 2, 2, 2, 'Футболка с коротким рукавом', '100% Органический хлопок', 1, 2, 5, 0, '5091.00', 1, 1, 1, 2, 1),
(488, 'KB0KB05848*C4X*14', 'KB0KB05848', 31, 5, 382, 1, 2, 2, 'Футболка с коротким рукавом', '100% Органический хлопок', 1, 2, 5, 0, '4455.00', 1, 1, 1, 2, 1),
(489, 'KB0KB05853*XNL*10', 'KB0KB05853', 27, 3, 385, 1, 2, 2, 'Футболка с коротким рукавом', '100% Органический хлопок', 1, 2, 3, 0, '5727.00', 1, 1, 1, 2, 1),
(490, 'KG0KG05265*PE6*10', 'KG0KG05265', 34, 3, 442, 2, 2, 3, 'Куртка пуховая', '100% полиамид', 1, 2, 1, 0, '10000.00', 1, 1, 1, 2, 1),
(491, 'KG0KG05251*C87*8', 'KG0KG05251', 26, 2, 0, 2, 2, 2, 'Футболка с коротким рукавом', '100% Органический хлопок', 1, 2, 5, 0, '5091.00', 1, 1, 1, 2, 1),
(492, 'KB0KB05848*XNL*16', 'KB0KB05848', 27, 6, 523, 1, 2, 2, 'Футболка с коротким рукавом', '100% Органический хлопок', 1, 2, 5, 0, '4455.00', 1, 1, 1, 2, 1),
(493, 'KB0KB05854*C4X*10', 'KB0KB05854', 31, 3, 394, 1, 2, 2, 'Футболка с коротким рукавом', '100% хлопок', 1, 2, 5, 0, '5091.00', 1, 1, 1, 2, 1),
(494, 'KB0KB05883*XNL*8', 'KB0KB05883', 27, 2, 0, 1, 2, 3, 'Куртка пуховая', '100% полиэстер', 1, 2, 1, 0, '10000.00', 1, 1, 1, 2, 1),
(495, 'KB0KB05784*1A4*8', 'KB0KB05784', 17, 2, 0, 1, 2, 2, 'Джинсы прямые', '74% Хлопок, 25% Полиэстер, 1% Эластан', 1, 2, 5, 0, '7637.00', 1, 1, 1, 2, 1),
(496, 'KB0KB05792*1A5*16', 'KB0KB05792', 36, 6, 528, 1, 2, 2, 'Джинсы скини', '72% ХЛОПОК, 20% ПЕРЕРАБОТАННЫЙ ХЛОПОК, 4% ПОЛИЭСТЕР, 4% ЭЛАСТАН', 1, 2, 7, 0, '10000.00', 1, 1, 1, 2, 1),
(497, 'KG0KG05219*XNL*10', 'KG0KG05219', 27, 3, 342, 2, 2, 2, 'Толстовка c капюшоном', '90% органический хлопок, 10% полиэстер', 1, 2, 2, 0, '10000.00', 1, 1, 1, 2, 1),
(498, 'KB0KB05792*1A5*12', 'KB0KB05792', 36, 4, 528, 1, 2, 2, 'Джинсы скини', '72% ХЛОПОК, 20% ПЕРЕРАБОТАННЫЙ ХЛОПОК, 4% ПОЛИЭСТЕР, 4% ЭЛАСТАН', 1, 2, 7, 0, '10000.00', 1, 1, 1, 2, 1),
(499, 'KB0KB05864*C87*16', 'KB0KB05864', 26, 6, 445, 1, 2, 2, 'Брюки спортивные', '65% ОРГАНИЧЕСКИЙ ХЛОПОК, 30% ПОЛИЭСТЕР, 5% ЭЛАСТАН', 1, 2, 2, 0, '7637.00', 1, 1, 1, 2, 1),
(500, 'KB0KB05796*L3V*12', 'KB0KB05796', 35, 4, 427, 1, 2, 2, 'Толстовка c капюшоном', '65% ОРГАНИЧЕСКИЙ ХЛОПОК, 30% ПОЛИЭСТЕР, 5% ЭЛАСТАН', 1, 2, 2, 0, '8273.00', 1, 1, 1, 2, 1),
(501, 'KG0KG05219*XNL*14', 'KG0KG05219', 27, 5, 342, 2, 2, 2, 'Толстовка c капюшоном', '90% органический хлопок, 10% полиэстер', 1, 2, 2, 0, '10000.00', 1, 1, 1, 2, 1),
(502, 'KG0KG05282*C87*10', 'KG0KG05282', 26, 3, 541, 2, 2, 2, 'Платье', '95% органический хлопок, 5% эластан', 1, 2, 1, 0, '10000.00', 1, 1, 1, 2, 1),
(503, 'KB0KB05792*1A5*14', 'KB0KB05792', 36, 5, 528, 1, 2, 2, 'Джинсы скини', '72% ХЛОПОК, 20% ПЕРЕРАБОТАННЫЙ ХЛОПОК, 4% ПОЛИЭСТЕР, 4% ЭЛАСТАН', 1, 2, 7, 0, '10000.00', 1, 1, 1, 2, 1),
(504, 'KG0KG05199*1BJ*10', 'KG0KG05199', 29, 3, 509, 2, 2, 2, 'Джинсы клеш', '79% Хлопок, 20% Переработанный хлопок, 1% Эластан', 1, 2, 7, 0, '10000.00', 1, 1, 1, 2, 1),
(505, 'KG0KG05326*C87*14', 'KG0KG05326', 26, 5, 542, 2, 2, 3, 'Куртка пальто', '65% ПОЛИЭСТЕР, 35% ПЕРЕРАБОТАННЫЙ ПОЛИЭСТЕР', 1, 2, 1, 0, '10000.00', 1, 1, 1, 2, 1),
(506, 'KG0KG05262*C87*14', 'KG0KG05262', 26, 5, 341, 2, 2, 3, 'Куртка ветровка', '100% полиэстер', 1, 2, 1, 0, '10000.00', 1, 1, 1, 2, 1),
(507, 'KB0KB05907*YBR*8', 'KB0KB05907', 25, 2, 0, 1, 2, 2, 'Поло с коротким рукавом', '100% Органический хлопок', 1, 2, 5, 0, '7637.00', 1, 1, 1, 2, 1),
(508, 'KB0KB05883*C4X*12', 'KB0KB05883', 31, 4, 512, 1, 2, 3, 'Куртка пуховая', '100% полиэстер', 1, 2, 1, 0, '10000.00', 1, 1, 1, 2, 1),
(509, 'KG0KG05199*1BJ*8', 'KG0KG05199', 29, 2, 0, 2, 2, 2, 'Джинсы клеш', '79% Хлопок, 20% Переработанный хлопок, 1% Эластан', 1, 2, 7, 0, '10000.00', 1, 1, 1, 2, 1),
(510, 'KB0KB05825*C4X*10', 'KB0KB05825', 31, 3, 409, 1, 2, 2, 'Рубашка с длинным рукавом', '100% хлопок', 1, 2, 2, 0, '10000.00', 1, 1, 1, 2, 1),
(511, 'KB0KB05864*C87*10', 'KB0KB05864', 26, 3, 445, 1, 2, 2, 'Брюки спортивные', '65% ОРГАНИЧЕСКИЙ ХЛОПОК, 30% ПОЛИЭСТЕР, 5% ЭЛАСТАН', 1, 2, 2, 0, '7637.00', 1, 1, 1, 2, 1),
(512, 'KB0KB05883*C4X*8', 'KB0KB05883', 31, 2, 0, 1, 2, 3, 'Куртка пуховая', '100% полиэстер', 1, 2, 1, 0, '10000.00', 1, 1, 1, 2, 1),
(513, 'KG0KG05315*1BJ*12', 'KG0KG05315', 29, 4, 472, 2, 2, 2, 'Юбка', '74% Хлопок, 25% Полиэстер, 1% Эластан', 1, 2, 5, 0, '7637.00', 1, 1, 1, 2, 1),
(514, 'KB0KB05786*1BK*10', 'KB0KB05786', 16, 3, 355, 1, 2, 2, 'Джинсы слимы', '79% Хлопок, 20% Переработанный хлопок, 1% Эластан', 1, 2, 7, 0, '8909.00', 1, 1, 1, 2, 1),
(515, 'KB0KB05825*C4X*14', 'KB0KB05825', 31, 5, 409, 1, 2, 2, 'Рубашка с длинным рукавом', '100% хлопок', 1, 2, 2, 0, '10000.00', 1, 1, 1, 2, 1),
(516, 'KB0KB05814*C87*8', 'KB0KB05814', 26, 2, 0, 1, 2, 2, 'Свитер', '100% хлопок', 1, 2, 1, 0, '10000.00', 1, 1, 1, 2, 1),
(517, 'KG0KG05332*YBR*12', 'KG0KG05332', 25, 4, 401, 2, 2, 2, 'Футболка с коротким рукавом', '50% ОРГАНИЧЕСКИЙ ХЛОПОК, 47% ПОЛИЭСТЕР, 3% ПОЛИАМИД', 1, 2, 3, 0, '4455.00', 1, 1, 1, 2, 1),
(518, 'KG0KG05269*C87*10', 'KG0KG05269', 26, 3, 345, 2, 2, 3, 'Куртка пальто', '67% хлопок, 33% полиамид', 1, 2, 1, 0, '10000.00', 1, 1, 1, 2, 1),
(519, 'KB0KB05854*C4X*14', 'KB0KB05854', 31, 5, 394, 1, 2, 2, 'Футболка с коротким рукавом', '100% хлопок', 1, 2, 5, 0, '5091.00', 1, 1, 1, 2, 1),
(520, 'KG0KG05269*C87*14', 'KG0KG05269', 26, 5, 345, 2, 2, 3, 'Куртка пальто', '67% хлопок, 33% полиамид', 1, 2, 1, 0, '10000.00', 1, 1, 1, 2, 1),
(521, 'KB0KB05853*XNL*16', 'KB0KB05853', 27, 6, 385, 1, 2, 2, 'Футболка с коротким рукавом', '100% Органический хлопок', 1, 2, 3, 0, '5727.00', 1, 1, 1, 2, 1),
(522, 'KB0KB05783*1BJ*8', 'KB0KB05783', 29, 2, 0, 1, 2, 2, 'Джинсы слимы', '74% Хлопок, 25% Полиэстер, 1% Эластан', 1, 2, 5, 0, '7637.00', 1, 1, 1, 2, 1),
(523, 'KB0KB05848*XNL*8', 'KB0KB05848', 27, 2, 0, 1, 2, 2, 'Футболка с коротким рукавом', '100% Органический хлопок', 1, 2, 5, 0, '4455.00', 1, 1, 1, 2, 1),
(524, 'KG0KG05265*PE6*14', 'KG0KG05265', 34, 5, 442, 2, 2, 3, 'Куртка пуховая', '100% полиамид', 1, 2, 1, 0, '10000.00', 1, 1, 1, 2, 1),
(525, 'KB0KB05853*XNL*12', 'KB0KB05853', 27, 4, 385, 1, 2, 2, 'Футболка с коротким рукавом', '100% Органический хлопок', 1, 2, 3, 0, '5727.00', 1, 1, 1, 2, 1),
(526, 'KG0KG05251*C87*16', 'KG0KG05251', 26, 6, 491, 2, 2, 2, 'Футболка с коротким рукавом', '100% Органический хлопок', 1, 2, 5, 0, '5091.00', 1, 1, 1, 2, 1),
(527, 'KB0KB05848*C4X*12', 'KB0KB05848', 31, 4, 382, 1, 2, 2, 'Футболка с коротким рукавом', '100% Органический хлопок', 1, 2, 5, 0, '4455.00', 1, 1, 1, 2, 1),
(528, 'KB0KB05792*1A5*8', 'KB0KB05792', 36, 2, 0, 1, 2, 2, 'Джинсы скини', '72% ХЛОПОК, 20% ПЕРЕРАБОТАННЫЙ ХЛОПОК, 4% ПОЛИЭСТЕР, 4% ЭЛАСТАН', 1, 2, 7, 0, '10000.00', 1, 1, 1, 2, 1),
(529, 'KB0KB05786*1BK*14', 'KB0KB05786', 16, 5, 355, 1, 2, 2, 'Джинсы слимы', '79% Хлопок, 20% Переработанный хлопок, 1% Эластан', 1, 2, 7, 0, '8909.00', 1, 1, 1, 2, 1),
(530, 'KB0KB05814*C87*14', 'KB0KB05814', 26, 5, 516, 1, 2, 2, 'Свитер', '100% хлопок', 1, 2, 1, 0, '10000.00', 1, 1, 1, 2, 1),
(531, 'KB0KB05885*C87*12', 'KB0KB05885', 26, 4, 398, 1, 2, 3, 'Куртка бомбер', '67% хлопок, 33% полиамид', 1, 2, 1, 0, '10000.00', 1, 1, 1, 2, 1),
(532, 'KB0KB05833*XNL*10', 'KB0KB05833', 27, 3, 402, 1, 2, 2, 'Поло с коротким рукавом', '100% Органический хлопок', 1, 2, 2, 0, '7637.00', 1, 1, 1, 2, 1),
(533, 'KG0KG05282*C87*12', 'KG0KG05282', 26, 4, 541, 2, 2, 2, 'Платье', '95% органический хлопок, 5% эластан', 1, 2, 1, 0, '10000.00', 1, 1, 1, 2, 1),
(534, 'KB0KB05805*C87*16', 'KB0KB05805', 26, 6, 474, 1, 2, 2, 'Толстовка-свитшот', '70% ОРГАНИЧЕСКИЙ ХЛОПОК, 30% ПОЛИЭСТЕР', 1, 2, 2, 0, '9546.00', 1, 1, 1, 2, 1),
(535, 'KS0KS00129*YBR*8', 'KS0KS00129', 25, 2, 0, 3, 2, 3, 'Куртка бомбер', '100% полиэстер', 1, 2, 1, 0, '10000.00', 1, 1, 1, 2, 1),
(536, 'KG0KG05251*C87*10', 'KG0KG05251', 26, 3, 491, 2, 2, 2, 'Футболка с коротким рукавом', '100% Органический хлопок', 1, 2, 5, 0, '5091.00', 1, 1, 1, 2, 1),
(537, 'KB0KB05883*C4X*16', 'KB0KB05883', 31, 6, 512, 1, 2, 3, 'Куртка пуховая', '100% полиэстер', 1, 2, 1, 0, '10000.00', 1, 1, 1, 2, 1),
(538, 'KB0KB05864*P6U*14', 'KB0KB05864', 28, 5, 475, 1, 2, 2, 'Брюки спортивные', '65% ОРГАНИЧЕСКИЙ ХЛОПОК, 30% ПОЛИЭСТЕР, 5% ЭЛАСТАН', 1, 2, 2, 0, '7637.00', 1, 1, 1, 2, 1),
(539, 'KB0KB05907*YBR*10', 'KB0KB05907', 25, 3, 507, 1, 2, 2, 'Поло с коротким рукавом', '100% Органический хлопок', 1, 2, 5, 0, '7637.00', 1, 1, 1, 2, 1),
(540, 'KB0KB05850*YBR*10', 'KB0KB05850', 25, 3, 353, 1, 2, 2, 'Футболка с длинным рукавом', '100% хлопок', 1, 2, 5, 0, '5727.00', 1, 1, 1, 2, 1),
(541, 'KG0KG05282*C87*8', 'KG0KG05282', 26, 2, 0, 2, 2, 2, 'Платье', '95% органический хлопок, 5% эластан', 1, 2, 1, 0, '10000.00', 1, 1, 1, 2, 1),
(542, 'KG0KG05326*C87*8', 'KG0KG05326', 26, 2, 0, 2, 2, 3, 'Куртка пальто', '65% ПОЛИЭСТЕР, 35% ПЕРЕРАБОТАННЫЙ ПОЛИЭСТЕР', 1, 2, 1, 0, '10000.00', 1, 1, 1, 2, 1),
(543, 'KB0KB05911*C87*10', 'KB0KB05911', 26, 3, 455, 1, 2, 2, 'Брюки', '97% хлопок, 3% эластан', 1, 2, 6, 0, '8909.00', 1, 1, 1, 2, 1),
(544, 'KG0KG05315*1BJ*14', 'KG0KG05315', 29, 5, 472, 2, 2, 2, 'Юбка', '74% Хлопок, 25% Полиэстер, 1% Эластан', 1, 2, 5, 0, '7637.00', 1, 1, 1, 2, 1),
(545, 'KB0KB05810*YBR*10', 'KB0KB05810', 25, 3, 378, 1, 2, 2, 'Толстовка на молнии', '100% Органический хлопок', 1, 2, 3, 0, '10000.00', 1, 1, 1, 2, 1),
(546, 'KB0KB05783*1BJ*10', 'KB0KB05783', 29, 3, 522, 1, 2, 2, 'Джинсы слимы', '74% Хлопок, 25% Полиэстер, 1% Эластан', 1, 2, 5, 0, '7637.00', 1, 1, 1, 2, 1),
(547, 'KB0KB05833*XNL*16', 'KB0KB05833', 27, 6, 402, 1, 2, 2, 'Поло с коротким рукавом', '100% Органический хлопок', 1, 2, 2, 0, '7637.00', 1, 1, 1, 2, 1),
(548, 'KB0KB05864*C87*12', 'KB0KB05864', 26, 4, 445, 1, 2, 2, 'Брюки спортивные', '65% ОРГАНИЧЕСКИЙ ХЛОПОК, 30% ПОЛИЭСТЕР, 5% ЭЛАСТАН', 1, 2, 2, 0, '7637.00', 1, 1, 1, 2, 1),
(549, 'KB0KB05850*YBR*16', 'KB0KB05850', 25, 6, 353, 1, 2, 2, 'Футболка с длинным рукавом', '100% хлопок', 1, 2, 5, 0, '5727.00', 1, 1, 1, 2, 1),
(550, 'KG0KG05263*C87*16', 'KG0KG05263', 26, 6, 358, 2, 2, 3, 'Куртка бомбер', '100% полиамид', 1, 2, 1, 0, '10000.00', 1, 1, 1, 2, 1),
(551, 'KB0KB05805*C87*10', 'KB0KB05805', 26, 3, 474, 1, 2, 2, 'Толстовка-свитшот', '70% ОРГАНИЧЕСКИЙ ХЛОПОК, 30% ПОЛИЭСТЕР', 1, 2, 2, 0, '9546.00', 1, 1, 1, 2, 1),
(552, 'KG0KG05192*1BJ*12', 'KG0KG05192', 29, 4, 485, 2, 2, 2, 'Джинсы скини', '74% Хлопок, 25% Полиэстер, 1% Эластан', 1, 2, 5, 0, '7637.00', 1, 1, 1, 2, 1),
(553, 'KB0KB05884*L57*10', 'KB0KB05884', 32, 3, 436, 1, 2, 3, 'Куртка пуховая', '100% полиамид', 1, 2, 1, 0, '10000.00', 1, 1, 1, 2, 1),
(554, 'KB0KB05814*C87*12', 'KB0KB05814', 26, 4, 516, 1, 2, 2, 'Свитер', '100% хлопок', 1, 2, 1, 0, '10000.00', 1, 1, 1, 2, 1),
(555, 'KB0KB05853*YBR*14', 'KB0KB05853', 25, 5, 469, 1, 2, 2, 'Футболка с коротким рукавом', '100% Органический хлопок', 1, 2, 3, 0, '5727.00', 1, 1, 1, 2, 1),
(556, 'KB0KB05792*1A5*10', 'KB0KB05792', 36, 3, 528, 1, 2, 2, 'Джинсы скини', '72% ХЛОПОК, 20% ПЕРЕРАБОТАННЫЙ ХЛОПОК, 4% ПОЛИЭСТЕР, 4% ЭЛАСТАН', 1, 2, 7, 0, '10000.00', 1, 1, 1, 2, 2);

-- --------------------------------------------------------

--
-- Структура таблицы `groups`
--

CREATE TABLE `groups` (
  `id` tinyint(3) UNSIGNED NOT NULL,
  `name` varchar(50) NOT NULL
) ENGINE=InnoDB DEFAULT CHARSET=utf8;

--
-- Дамп данных таблицы `groups`
--

INSERT INTO `groups` (`id`, `name`) VALUES
(1, 'Аксессуары'),
(2, 'Одежда'),
(3, 'Верхняя одежда');

-- --------------------------------------------------------

--
-- Структура таблицы `manufactures`
--

CREATE TABLE `manufactures` (
  `id` tinyint(3) UNSIGNED NOT NULL,
  `name` varchar(50) NOT NULL
) ENGINE=InnoDB DEFAULT CHARSET=utf8;

--
-- Дамп данных таблицы `manufactures`
--

INSERT INTO `manufactures` (`id`, `name`) VALUES
(1, 'Calvin Klein Europe B.V.'),
(2, 'Tommy Hilfiger Europe B.V.');

-- --------------------------------------------------------

--
-- Структура таблицы `providers`
--

CREATE TABLE `providers` (
  `id` tinyint(3) UNSIGNED NOT NULL,
  `name` varchar(50) NOT NULL
) ENGINE=InnoDB DEFAULT CHARSET=utf8;

--
-- Дамп данных таблицы `providers`
--

INSERT INTO `providers` (`id`, `name`) VALUES
(1, 'ДЖУНИОР РЕПАБЛИК ООО');

-- --------------------------------------------------------

--
-- Структура таблицы `sales`
--

CREATE TABLE `sales` (
  `id` smallint(5) UNSIGNED NOT NULL,
  `sale` tinyint(4) NOT NULL
) ENGINE=InnoDB DEFAULT CHARSET=utf8;

--
-- Дамп данных таблицы `sales`
--

INSERT INTO `sales` (`id`, `sale`) VALUES
(1, 0),
(2, 30);

-- --------------------------------------------------------

--
-- Структура таблицы `seasons`
--

CREATE TABLE `seasons` (
  `id` tinyint(3) UNSIGNED NOT NULL,
  `name` varchar(20) NOT NULL
) ENGINE=InnoDB DEFAULT CHARSET=utf8;

--
-- Дамп данных таблицы `seasons`
--

INSERT INTO `seasons` (`id`, `name`) VALUES
(1, 'Spring-Summer 2020'),
(2, 'Fall-Winter 2020'),
(4, 'Spring-Summer 2021'),
(5, 'Fall-Winter 2021');

-- --------------------------------------------------------

--
-- Структура таблицы `sizes`
--

CREATE TABLE `sizes` (
  `id` tinyint(3) UNSIGNED NOT NULL,
  `size` varchar(10) NOT NULL
) ENGINE=InnoDB DEFAULT CHARSET=utf8;

--
-- Дамп данных таблицы `sizes`
--

INSERT INTO `sizes` (`id`, `size`) VALUES
(1, 'One Size'),
(2, '8'),
(3, '10'),
(4, '12'),
(5, '14'),
(6, '16'),
(7, 'S-M'),
(8, 'L-XL');

--
-- Индексы сохранённых таблиц
--

--
-- Индексы таблицы `adddates`
--
ALTER TABLE `adddates`
  ADD PRIMARY KEY (`id`);

--
-- Индексы таблицы `brands`
--
ALTER TABLE `brands`
  ADD PRIMARY KEY (`id`);

--
-- Индексы таблицы `colours`
--
ALTER TABLE `colours`
  ADD PRIMARY KEY (`id`);

--
-- Индексы таблицы `countries`
--
ALTER TABLE `countries`
  ADD PRIMARY KEY (`id`);

--
-- Индексы таблицы `descriptions`
--
ALTER TABLE `descriptions`
  ADD PRIMARY KEY (`id`);

--
-- Индексы таблицы `goods`
--
ALTER TABLE `goods`
  ADD PRIMARY KEY (`id`);

--
-- Индексы таблицы `groups`
--
ALTER TABLE `groups`
  ADD PRIMARY KEY (`id`);

--
-- Индексы таблицы `manufactures`
--
ALTER TABLE `manufactures`
  ADD PRIMARY KEY (`id`);

--
-- Индексы таблицы `providers`
--
ALTER TABLE `providers`
  ADD PRIMARY KEY (`id`);

--
-- Индексы таблицы `sales`
--
ALTER TABLE `sales`
  ADD PRIMARY KEY (`id`);

--
-- Индексы таблицы `seasons`
--
ALTER TABLE `seasons`
  ADD PRIMARY KEY (`id`);

--
-- Индексы таблицы `sizes`
--
ALTER TABLE `sizes`
  ADD PRIMARY KEY (`id`);

--
-- AUTO_INCREMENT для сохранённых таблиц
--

--
-- AUTO_INCREMENT для таблицы `adddates`
--
ALTER TABLE `adddates`
  MODIFY `id` smallint(5) UNSIGNED NOT NULL AUTO_INCREMENT, AUTO_INCREMENT=2;

--
-- AUTO_INCREMENT для таблицы `brands`
--
ALTER TABLE `brands`
  MODIFY `id` tinyint(3) UNSIGNED NOT NULL AUTO_INCREMENT, AUTO_INCREMENT=3;

--
-- AUTO_INCREMENT для таблицы `colours`
--
ALTER TABLE `colours`
  MODIFY `id` tinyint(3) UNSIGNED NOT NULL AUTO_INCREMENT, AUTO_INCREMENT=37;

--
-- AUTO_INCREMENT для таблицы `countries`
--
ALTER TABLE `countries`
  MODIFY `id` smallint(5) UNSIGNED NOT NULL AUTO_INCREMENT, AUTO_INCREMENT=11;

--
-- AUTO_INCREMENT для таблицы `descriptions`
--
ALTER TABLE `descriptions`
  MODIFY `id` smallint(5) UNSIGNED NOT NULL AUTO_INCREMENT, AUTO_INCREMENT=3;

--
-- AUTO_INCREMENT для таблицы `goods`
--
ALTER TABLE `goods`
  MODIFY `id` mediumint(8) UNSIGNED NOT NULL AUTO_INCREMENT, AUTO_INCREMENT=557;

--
-- AUTO_INCREMENT для таблицы `groups`
--
ALTER TABLE `groups`
  MODIFY `id` tinyint(3) UNSIGNED NOT NULL AUTO_INCREMENT, AUTO_INCREMENT=4;

--
-- AUTO_INCREMENT для таблицы `manufactures`
--
ALTER TABLE `manufactures`
  MODIFY `id` tinyint(3) UNSIGNED NOT NULL AUTO_INCREMENT, AUTO_INCREMENT=3;

--
-- AUTO_INCREMENT для таблицы `providers`
--
ALTER TABLE `providers`
  MODIFY `id` tinyint(3) UNSIGNED NOT NULL AUTO_INCREMENT, AUTO_INCREMENT=2;

--
-- AUTO_INCREMENT для таблицы `sales`
--
ALTER TABLE `sales`
  MODIFY `id` smallint(5) UNSIGNED NOT NULL AUTO_INCREMENT, AUTO_INCREMENT=3;

--
-- AUTO_INCREMENT для таблицы `seasons`
--
ALTER TABLE `seasons`
  MODIFY `id` tinyint(3) UNSIGNED NOT NULL AUTO_INCREMENT, AUTO_INCREMENT=6;

--
-- AUTO_INCREMENT для таблицы `sizes`
--
ALTER TABLE `sizes`
  MODIFY `id` tinyint(3) UNSIGNED NOT NULL AUTO_INCREMENT, AUTO_INCREMENT=9;
COMMIT;

/*!40101 SET CHARACTER_SET_CLIENT=@OLD_CHARACTER_SET_CLIENT */;
/*!40101 SET CHARACTER_SET_RESULTS=@OLD_CHARACTER_SET_RESULTS */;
/*!40101 SET COLLATION_CONNECTION=@OLD_COLLATION_CONNECTION */;
